sample_id,A296S,T345S
VBS17451,0,0
VBS17452,0,0
VBS17453,0,0
VBS17454,0,0
VBS17455,0,0
VBS17456,0,0
VBS17457,0,0
VBS17458,0,0
VBS17459,0,0
VBS17460,0,0
VBS17461,0,0
VBS17462,0,0
VBS17463,0,0
VBS17465,0.5,0
VBS17466,0,0
VBS17467,0,0
VBS17468,0,0
VBS17469,0,0
VBS17470,0,0
VBS17471,0,0
VBS17472,0,0
VBS17473,0,0
VBS17474,0,0
VBS17475,0,0
VBS17476,0,0
VBS17477,0,0
VBS17478,0,0
VBS17479,0,0
VBS17480,0,0
VBS17481,0,0
VBS17482,0,0
VBS17483,0,0
VBS17484,0,0
VBS17485,0,0
VBS17486,0,0
VBS17488,0,0
VBS17489,0,0
VBS17192,0,0
VBS17199,0,0
VBS17202,0,0
VBS17205,0,0
VBS17207,0,0
VBS17214,0,0
VBS17220,0,0
VBS17226,0,0
VBS17229,0,0
VBS17235,0,0
VBS17239,0,0
VBS17191,0,0
VBS17193,0.5,0
VBS17197,0,0
VBS17204,0,0
VBS17206,0,0
VBS17208,0,0
VBS17209,0,0
VBS17212,0,0
VBS17213,0,0
VBS17216,0.5,0.5
VBS17217,0,0
VBS17224,0,0
VBS17227,0,0
VBS17228,0,0
VBS17230,0.5,0
VBS17234,0,0
VBS17236,0,0
VBS17238,0,0
VBS17190,0.5,0
VBS17195,0.5,0
VBS17196,0.5,0.5
VBS17198,0,0
VBS17200,0,0
VBS17203,0.5,0
VBS17210,0,0
VBS17215,0.5,0
VBS17218,0,0
VBS17219,0,0
VBS17221,0,0
VBS17222,0,0
VBS17225,0,0
VBS17231,1,0
VBS17233,0.5,0
VBS17237,0,0
VBS17784,0,0
VBS17770,0,0
VBS17772,0,0
VBS17777,0,0
VBS17780,0,0
VBS17786,0,0
VBS17801,0,0
VBS17778,0,0
VBS17785,0,0
VBS17798,0,0
VBS24389,0,0
VBS24391,0,0
VBS24393,0,0
VBS24399,0,0
VBS24402,0,0
VBS24404,0,0
VBS24412,0,0
VBS24413,0,0
VBS24421,0,0
VBS24423,0,0
VBS24386,0,0
VBS24390,0,0
VBS24395,0,0
VBS24396,0,0
VBS24397,0,0
VBS24398,0,0
VBS24400,0,0
VBS24401,0,0
VBS24403,0,0
VBS24406,0,0
VBS24407,0,0
VBS24408,0,0
VBS24409,0,0
VBS24410,0,0
VBS24411,0,0
VBS24414,0,0
VBS24416,0,0
VBS24417,0,0
VBS24418,0,0
VBS24419,0,0
VBS24420,0,0
VBS24424,0,0
VBS24425,0,0
VBS24426,0,0
VBS24427,0,0
VBS24428,0,0
VBS24429,0,0
VBS24430,0,0
VBS24431,0,0
VBS24432,0,0
VBS24433,0,0
VBS24434,0,0
VBS24435,0,0
VBS17492,0,0
VBS17496,0,0
VBS17509,0,0
VBS17534,0,0
VBS17491,0,0
VBS17494,0,0
VBS17497,0,0
VBS17498,0,0
VBS17502,0,0
VBS17506,0,0
VBS17511,0,0
VBS17512,0,0
VBS17514,0,0
VBS17515,0.5,0
VBS17524,0,0
VBS17529,0,0
VBS17532,0,0
VBS17539,0.5,0
VBS17490,0,0
VBS17495,0,0
VBS17499,0.5,0
VBS17503,0,0
VBS17504,0,0
VBS17505,0,0
VBS17508,0,0
VBS17516,0,0
VBS17517,0,0
VBS17518,0.5,0
VBS17520,0,0
VBS17522,1,0
VBS17523,0,0
VBS17526,0.5,0
VBS17527,0.5,0
VBS17528,0.5,0
VBS17733,0,0
VBS17731,0,0
VBS17737,0,0
VBS17739,0,0
VBS17741,0,0
VBS17742,0,0
VBS17743,0,0
VBS17744,0,0
VBS17745,0,0
VBS17746,0,0
VBS17747,0,0
VBS17754,0,0
VBS17758,0,0
VBS17760,0,0
VBS17761,0,0
VBS17762,0,0
VBS17763,0,0
VBS17767,0,0
VBS17768,0,0
VBS17729,0,0
VBS17730,0,0
VBS17732,0,0
VBS17734,0,0
VBS17735,0,0
VBS17736,0,0
VBS17738,0,0
VBS17740,0,0
VBS17748,0,0
VBS17749,0,0
VBS17750,0,0
VBS17751,0,0
VBS17752,0,0
VBS17753,0,0
VBS17755,0,0
VBS17756,0,0
VBS17757,0,0
VBS17759,0,0
VBS17764,0,0
VBS17765,0,0
VBS17766,0,0
VBS17240,0,0
VBS17242,0.5,0.5
VBS17244,0.5,0.5
VBS17246,0.5,0.5
VBS17252,1,0.5
VBS17255,0,0
VBS17256,0.5,0.5
VBS17260,0,0
VBS17267,0.5,0.5
VBS17273,0.5,0.5
VBS17278,0.5,0
VBS17282,0.5,0.5
VBS17286,0.5,0.5
VBS17241,1,1
VBS17243,1,0.5
VBS17245,1,0
VBS17247,1,0.5
VBS17248,1,1
VBS17249,1,0
VBS17250,1,0.5
VBS17251,1,0
VBS17253,1,0.5
VBS17258,1,1
VBS17259,1,1
VBS17265,1,1
VBS17270,0.5,0
VBS17275,1,1
VBS17277,1,1
VBS17283,1,0.5
VBS17288,1,1
VBS17289,1,1
VBS24195,0,0
VBS24197,0,0
VBS24198,0,0
VBS24226,0,0
VBS24227,0,0
VBS24229,0.5,0.5
VBS24234,0.5,0.5
VBS24236,0,0
VBS24238,0,0
VBS24242,1,1
VBS24196,0,0
VBS24199,0.5,0.5
VBS24200,0,0
VBS24201,0,0
VBS24202,0,0
VBS24203,0,0
VBS24204,0,0
VBS24205,1,0.5
VBS24209,1,1
VBS24210,0,0
VBS24213,0,0
VBS24216,0,0
VBS24218,0.5,0.5
VBS24221,1,0.5
VBS24222,0,0
VBS24225,0,0
VBS24228,0.5,0.5
VBS24230,0.5,0.5
VBS24231,1,1
VBS24232,0,0
VBS24233,0,0
VBS24235,0,0
VBS24239,0.5,0
VBS24240,1,1
VBS24241,0,0
VBS24243,0,0
VBS17631,0,0
VBS17632,0,0
VBS17633,0,0
VBS17634,0,0
VBS17635,0,0
VBS17636,0,0
VBS17637,0,0
VBS17638,0,0
VBS17641,0,0
VBS17642,0,0
VBS17643,0,0
VBS17646,0,0
VBS17647,0,0
VBS17648,0,0
VBS17649,0,0
VBS17650,0,0
VBS17651,0,0
VBS17652,0,0
VBS17653,0,0
VBS17654,0,0
VBS17657,0,0
VBS17658,0,0
VBS17659,0,0
VBS17660,0,0
VBS17661,0,0
VBS17663,0,0
VBS17664,0,0
VBS17665,0,0
VBS17666,0,0
VBS17668,0,0
VBS17669,0,0
VBS17672,0,0
VBS17673,0,0
VBS17676,0,0
VBS17678,0,0
VBS17645,0,0
VBS17674,0,0
VBS17677,0,0
VBS17693,0,0
VBS17694,0,0
VBS17698,0,0
VBS17726,0,0
VBS17680,0,0
VBS17681,0,0
VBS17683,0,0
VBS17684,0,0
VBS17685,0,0
VBS17686,0,0
VBS17687,0,0
VBS17690,0,0
VBS17691,0,0
VBS17692,0,0
VBS17695,0,0
VBS17696,0,0
VBS17697,0,0
VBS17699,0,0
VBS17722,0,0
VBS17723,0,0
VBS17724,0,0
VBS17725,0,0
VBS17679,0,0
VBS17704,0,0
VBS17714,0,0
VBS17715,0,0
VBS17717,0,0
VBS17719,0,0
VBS17689,0,0
VBS17700,0,0
VBS17701,0,0
VBS17702,0,0
VBS17703,0,0
VBS17705,0,0
VBS17706,0,0
VBS17707,0,0
VBS17709,0,0
VBS17710,0,0
VBS17711,0,0
VBS17716,0,0
VBS17718,0,0
VBS17720,0,0
VBS17721,0,0
VBS17317,0,0
VBS17318,0,0
VBS17320,0,0
VBS17323,0.5,0
VBS17326,0,0
VBS17328,0.5,0
VBS17330,0,0
VBS17332,0,0
VBS17333,0,0
VBS17334,0.5,0
VBS17319,0,0
VBS17327,0,0
VBS17329,0,0
VBS17331,0,0
VBS17335,0.5,0
VBS17339,0,0
VBS17290,0,0
VBS17316,1,0
VBS24509,0,0
VBS24510,0,0
VBS24512,0,0
VBS24516,0,0
VBS24518,0,0
VBS24523,0,0
VBS24524,0,0
VBS24525,0,0
VBS24528,0,0
VBS24529,0,0
VBS24531,0,0
VBS24536,0,0
VBS24489,0,0
VBS24492,0,0
VBS24493,0,0
VBS24494,0,0
VBS24497,0,0
VBS24498,0,0
VBS24502,0,0
VBS24505,0,0
VBS24506,0,0
VBS24507,0,0
VBS24513,0,0
VBS24514,0,0
VBS24515,0.5,0
VBS24517,0,0
VBS24519,0,0
VBS24520,0,0
VBS24521,0,0
VBS24530,0,0
VBS24533,0,0
VBS24534,0,0
VBS24535,0,0
VBS24537,0,0
VBS24539,0,0
VBS24488,0,0
VBS24499,0,0
VBS24522,0,0
VBS24527,0,0
VBS24532,0,0
VBS17342,0,0
VBS17346,0,0
VBS17347,0,0
VBS17348,0,0
VBS17349,0,0
VBS17351,0,0
VBS17353,0,0
VBS17355,0,0
VBS17356,0,0
VBS17361,0,0
VBS17362,0,0
VBS17370,0,0
VBS17371,0,0
VBS17374,0,0
VBS17378,0,0
VBS17380,0,0
VBS17387,0,0
VBS17388,0,0
VBS17391,0,0
VBS24095,0,0
VBS24096,0,0
VBS24097,0,0
VBS24098,0,0
VBS24101,0,0
VBS24104,0,0
VBS24105,0,0
VBS24117,0,0
VBS24118,0,0
VBS24119,0,0
VBS24120,0,0
VBS24121,0.5,0
VBS24122,0,0
VBS24124,0,0
VBS24125,0,0
VBS24126,0,0
VBS24127,0,0
VBS24128,0.5,0
VBS24130,0,0
VBS24132,0,0
VBS24135,0,0
VBS24137,0,0
VBS24138,0,0
VBS24141,0,0
VBS24142,0,0
VBS24147,0,0
VBS24149,0,0
VBS24150,0,0
VBS24152,0,0
VBS24153,0,0
VBS24154,0,0
VBS24156,0,0
VBS24159,0,0
VBS24162,0,0
VBS24164,0,0
VBS24165,0,0
VBS24166,0,0
VBS24167,0,0
VBS24168,0,0
VBS24170,0,0
VBS24171,0,0
VBS24172,0,0
VBS24173,0,0
VBS24174,0,0
VBS24176,0,0
VBS24177,0,0
VBS24178,0,0
VBS24179,0,0
VBS24180,0,0
VBS24181,0,0
VBS24182,0,0
VBS24183,0,0
VBS24184,0,0
VBS24185,0,0
VBS24186,0,0
VBS24187,0,0
VBS24188,0,0
VBS24189,0,0
VBS24190,0,0
VBS24191,0,0
VBS24192,0,0
VBS24193,0,0
VBS17345,0,0
VBS17364,0,0
VBS17373,0,0
VBS24123,0,0
VBS24129,0,0
VBS24143,0,0
VBS24144,0,0
VBS24145,0,0
VBS24148,0,0
VBS24155,0,0
VBS24157,0,0
VBS24160,0,0
VBS24161,0,0
VBS24163,0,0
VBS24169,0.5,0
VBS24175,0,0
VBS24194,0,0
VBS17572,0.5,0.5
VBS17581,0,0
VBS17544,0.5,0.5
VBS17545,0.5,0.5
VBS17546,0.5,0
VBS17547,1,0.5
VBS17557,0.5,0.5
VBS17558,0.5,0.5
VBS17559,0,0
VBS17560,0.5,0.5
VBS17561,0.5,0.5
VBS17563,0.5,0.5
VBS17564,0.5,0.5
VBS17565,1,0.5
VBS17580,0.5,0
VBS17540,1,0.5
VBS17541,1,1
VBS17543,0.5,1
VBS17548,1,1
VBS17549,1,0
VBS17550,1,1
VBS17551,1,0.5
VBS17552,1,1
VBS17553,1,0.5
VBS17554,1,1
VBS17555,1,1
VBS17556,0.5,0.5
VBS17562,1,0.5
VBS17566,0.5,0.5
VBS17567,1,0.5
VBS17568,1,0.5
VBS17570,0.5,0
VBS17571,1,1
VBS17573,1,0.5
VBS17574,1,0.5
VBS17575,1,1
VBS17576,1,0
VBS17577,1,0.5
VBS17578,1,0.5
VBS17579,1,1
VBS17582,1,0
VBS24007,0,0
VBS24020,0,0
VBS24027,0,0
VBS23999,0,0
VBS24001,0,0
VBS24015,0,0
VBS24032,0,0
VBS24004,0,0
VBS24005,0,0
VBS24012,0,0
VBS17430,0,0
VBS17394,0,0
VBS17399,0,0
VBS17400,0,0
VBS17401,0,0
VBS17405,0,0
VBS17410,0,0
VBS17413,0,0
VBS17416,0.5,0
VBS17417,0,0
VBS17421,0,0
VBS17423,0,0
VBS17429,0,0
VBS17434,0,0
VBS17438,0,0
VBS17439,0,0
VBS17441,0,0
VBS17395,0,0
VBS17396,0,0
VBS17397,0,0
VBS17398,0,0
VBS17402,0,0
VBS17403,0,0
VBS17404,0,0
VBS17406,0,0
VBS17407,0,0
VBS17408,0,0
VBS17409,0,0
VBS17411,0,0
VBS17412,0,0
VBS17414,0,0
VBS17415,0,0
VBS17418,0,0
VBS17419,0,0
VBS17420,0,0
VBS17422,0,0
VBS17424,0,0
VBS17425,0,0
VBS17426,0,0
VBS17427,0,0
VBS17428,0,0
VBS17432,0,0
VBS17433,0,0
VBS17435,0,0
VBS17436,0,0
VBS17437,0,0
VBS17440,0,0
VBS17442,0,0
VBS17443,0,0
VBS17583,0,0
VBS17594,0,0
VBS17601,0,0
VBS17604,0,0
VBS17606,0,0
VBS17607,0,0
VBS17608,0,0
VBS17610,0,0
VBS17613,0,0
VBS17615,0,0
VBS17616,0,0
VBS17617,0,0
VBS17618,0,0
VBS17623,0,0
VBS17624,0,0
VBS17626,0,0
VBS17628,0,0
VBS17630,0,0
VBS17586,0,0
VBS17587,0,0
VBS17588,0,0
VBS17591,0,0
VBS17593,0,0
VBS17596,0,0
VBS17600,0,0
VBS17603,0,0
VBS17605,0,0
VBS17609,0,0
VBS17612,0,0
VBS17614,0,0
VBS17619,0,0
VBS17620,0,0
VBS17625,0,0
VBS17627,0,0
VBS17629,0,0
VBS17585,0,0
VBS17589,0,0
VBS17592,0,0
VBS17595,0,0
VBS17597,0,0
VBS17598,0,0
VBS17599,0,0
VBS17602,0,0