sample_id,n_het_X,n_called_X,n_het_3L,n_called_3L,n_het_3R,n_called_3R,n_het_2R,n_called_2R,n_het_2L,n_called_2L,n_het_3L_no_inv,n_called_3L_no_inv,n_het_3R_no_inv,n_called_3R_no_inv,n_het_2R_no_inv,n_called_2R_no_inv
VBS24195,159735,13210195,377992,28134634,510250,36078586,645885,46919562,538040,36796424,173694,13546775,198527,17691045,508501,35625018
VBS24196,168555,13209625,348573,28130941,488222,36092100,651148,46917025,379214,36804494,129652,13546512,219283,17689422,515734,35621205
VBS24197,179814,13208276,385086,28131251,506421,36076756,640992,46920647,528886,36788937,159380,13547270,190204,17689654,497306,35625730
VBS24198,170138,13206032,362779,28129446,558771,36069804,668032,46904102,524003,36788738,154959,13547378,215783,17687489,519551,35616296
VBS24199,172852,13207960,368448,28136218,506277,36090242,588985,46923098,504157,36795961,169478,13548605,247618,17686009,462626,35630056
VBS24200,136647,13209678,307400,28138209,497562,36091066,614127,46923549,566398,36787296,140172,13546731,225273,17688423,462712,35629837
VBS24201,145278,13213171,282452,28143679,497210,36091204,617742,46923581,539563,36792835,107214,13553098,214046,17690546,477781,35629515
VBS24202,24197,13231946,344160,28126689,253190,36109718,197350,46949064,570211,36785696,176990,13541762,110693,17698354,186640,35651034
VBS24203,116377,13207585,345064,28113930,451852,36076271,639424,46897715,532460,36769810,148052,13533364,228657,17676904,519828,35610927
VBS24204,63927,13218270,394817,28121822,428697,36087713,618131,46916800,564373,36783736,149160,13539383,146852,17688093,481799,35625016
VBS24205,220529,13199730,533970,28135103,601609,36081817,835728,46916609,660392,36779760,242342,13540401,276659,17684436,605521,35617662
VBS24209,183385,13203656,373022,28113362,476479,36078026,610373,46905653,551671,36774824,159403,13538197,194124,17682961,451124,35616930
VBS24210,180230,13202703,443673,28117039,477431,36076056,737015,46894055,629873,36769817,188678,13542928,174553,17684737,565751,35605760
VBS24213,160973,13210818,388861,28132255,467214,36093363,596369,46922554,554611,36787701,175938,13547301,189751,17689506,462385,35627150
VBS24216,167438,13205869,397774,28130384,479560,36084758,616544,46919183,568998,36786884,173218,13547243,227331,17685979,483999,35625334
VBS24218,161310,13208618,397628,28135715,470270,36098040,623821,46920262,477065,36799808,175426,13549306,210463,17692757,468217,35627720
VBS24221,183720,13197252,402933,28102975,528258,36055393,697865,46879861,591919,36752845,162533,13532421,233249,17668575,541188,35595330
VBS24222,174920,13204873,437514,28125375,548097,36086719,618952,46914735,639990,36776168,185357,13545930,237270,17688639,470480,35622461
VBS24225,91375,13204788,323208,28089884,359340,36040235,588648,46859389,277038,36747805,118680,13522396,169771,17654624,465507,35577629
VBS24226,121461,13205391,292239,28104664,561055,36043233,585559,46883536,576274,36754836,142199,13525669,215263,17670559,449748,35600058
VBS24227,148846,13207366,361157,28108298,551335,36052512,261550,46930026,567896,36762495,165327,13530425,218460,17674327,202018,35636395
VBS24228,178200,13206465,411272,28122143,537715,36081855,658875,46913784,605748,36774901,188283,13540437,239300,17684303,513371,35618574
VBS24229,184192,13195457,439014,28094831,609825,36031704,619183,46872420,597155,36746740,197550,13528049,261392,17663583,466751,35589697
VBS24230,161123,13205056,409297,28115371,505290,36071174,637395,46904315,532039,36774863,199436,13535250,228873,17678191,493219,35613886
VBS24231,174193,13206804,389795,28118170,476558,36091082,675792,46919076,574174,36785111,156660,13536075,190473,17689334,528681,35623964
VBS24232,173736,13197701,365471,28097784,502949,36047412,663583,46872044,577778,36746220,181899,13525761,224890,17663254,510742,35587331
VBS24233,172483,13205998,390468,28131713,489054,36090196,684276,46913355,556286,36784937,174167,13547796,222092,17686793,531328,35620590
VBS24234,153313,13202065,369102,28108026,575436,36052138,567612,46900774,552412,36762589,144076,13533378,240139,17674740,432809,35610635
VBS24235,167061,13208843,397226,28132966,522453,36080373,609958,46923419,585752,36788626,175276,13547757,231673,17683371,467369,35629377
VBS24236,175819,13207590,382129,28130520,545655,36076167,622106,46919381,545822,36790966,166991,13546979,215894,17689752,495134,35624988
VBS24238,126426,13206511,237988,28109112,567264,36044450,551145,46893116,546647,36760600,141176,13525915,224171,17669995,437752,35603245
VBS24239,161231,13208746,410134,28128293,466210,36089874,650001,46914805,576418,36783175,181321,13543228,211356,17687835,503419,35619753
VBS24240,168391,13209223,378782,28133400,441056,36092815,607799,46923686,580402,36786409,168286,13546036,222790,17690739,462295,35630458
VBS24241,156026,13203209,400708,28109298,522463,36063533,674366,46890128,560835,36763342,178910,13532834,231666,17670783,517090,35600318
VBS24242,165945,13189372,386246,28069611,537119,36006118,644898,46838468,568376,36719575,164627,13511946,222708,17651034,501366,35560364
VBS24243,195325,13205328,418285,28126784,489065,36091716,626976,46924045,526496,36792674,182758,13543225,203982,17690374,476414,35629648
VBS17729,147356,13243603,433687,28178319,500719,36129880,715209,46967202,543777,36831256,190942,13561146,237590,17704891,490232,35663111
VBS17730,144611,13244072,439039,28176643,498358,36130531,609526,46996130,549952,36829451,196773,13560739,231661,17705395,499164,35661760
VBS17731,130980,13245441,427717,28177686,626059,36083251,728844,46963271,516788,36834337,192391,13562164,237474,17703277,505425,35659681
VBS17732,134652,13245133,437305,28176091,483509,36131649,695932,46973155,495012,36838626,189145,13560504,223525,17705233,492972,35663698
VBS17733,150439,13240455,436283,28172032,430520,36108278,729138,46962779,557813,36826905,190854,13559127,207394,17705336,503389,35659571
VBS17734,120623,13243206,430927,28176342,486062,36133098,699192,46969225,551100,36826002,200604,13560197,214582,17708377,493169,35659792
VBS17735,144193,13243757,446371,28174661,570677,36105133,710883,46955483,514034,36834499,193938,13560063,237904,17701409,509677,35660546
VBS17736,144333,13243831,440963,28175774,493941,36130815,687113,46955327,552632,36825384,199699,13559354,236178,17703622,495022,35661125
VBS17737,144655,13244111,425826,28176856,562206,36105636,609784,46996620,532588,36832507,189026,13560946,234847,17705434,500904,35662354
VBS17738,141406,13243894,523460,28151334,473659,36131485,707508,46966080,542514,36833361,204581,13559141,213990,17707180,483927,35661081
VBS17739,143391,13243581,445159,28173456,557963,36104874,603175,46981931,328670,36852408,200631,13558946,234453,17704157,396013,35673799
VBS17740,144686,13242472,441779,28176922,483788,36130625,695973,46973274,525808,36829634,197736,13562356,229633,17704796,490417,35664821
VBS17741,148914,13242720,433220,28178209,624126,36084682,730030,46966296,533969,36831158,194313,13561416,232741,17705866,505454,35661120
VBS17742,140016,13242989,440548,28172890,627155,36083494,728380,46960720,537182,36830200,194407,13558676,237371,17703248,503573,35656635
VBS17743,135998,13244659,429081,28176630,631933,36082351,645012,46964777,539747,36829885,185631,13561716,242263,17703341,507269,35660311
VBS17744,144505,13243427,440397,28175839,633683,36083444,725033,46968583,539165,36829993,197224,13559771,240892,17703893,521560,35657992
VBS17745,145482,13241495,521131,28152562,612978,36089119,716851,46961688,528429,36833625,204984,13559263,225933,17704808,493839,35658733
VBS17746,138723,13244364,422150,28178570,435245,36096512,733783,46964368,549535,36830156,179446,13563130,200137,17706756,508761,35660225
VBS17747,150053,13242512,438969,28177683,627809,36087083,713930,46974016,554552,36829935,193038,13562037,238005,17704831,509085,35664449
VBS17748,147222,13243830,427399,28177349,560842,36108330,703118,46972646,518808,36837183,179357,13563099,235290,17704093,498880,35662902
VBS17749,148186,13242272,438312,28175907,501230,36128835,710949,46970508,542480,36829129,194388,13561973,232348,17702667,507049,35660477
VBS17750,146859,13243166,441830,28174887,488503,36127419,704690,46953305,543123,36828826,201223,13558037,225167,17702590,504161,35659935
VBS17751,138175,13242395,440247,28174849,494920,36129567,537783,47004927,538726,36831259,194331,13560699,230762,17705387,482941,35663565
VBS17752,144663,13243013,421801,28178673,563273,36106986,608968,46996776,499446,36834298,199597,13560512,234849,17703236,495078,35663164
VBS17753,146292,13242997,449892,28170879,462201,36129515,629835,46959326,543158,36828661,205922,13558169,215361,17705730,504492,35659894
VBS17754,146527,13242959,443126,28173288,631518,36078257,618624,46993949,521480,36830068,200948,13559450,239050,17701129,502318,35659449
VBS17755,147853,13242045,442696,28175683,475937,36131934,591353,46968075,533947,36830705,197996,13560335,224203,17706600,475624,35667221
VBS17756,142486,13245363,208851,28197617,475119,36131777,730092,46965876,541024,36832121,104244,13572032,209224,17707714,505885,35661582
VBS17757,146146,13242295,422844,28178358,492203,36130998,706426,46971334,538510,36832194,187840,13561433,231157,17706525,503010,35660831
VBS17758,143987,13244609,433508,28176416,554837,36108565,602308,46962838,533616,36828994,194631,13559662,236265,17705837,500469,35660512
VBS17759,146764,13242769,441357,28179169,556544,36110481,628266,46994027,539697,36829223,197615,13562019,232638,17705660,514509,35660810
VBS17760,150651,13241811,444063,28177298,626583,36084258,638471,46967595,525517,36831526,201244,13560809,238013,17702314,501831,35661773
VBS17761,144255,13242185,430997,28176628,631558,36084912,589667,46996366,493966,36833476,193210,13560658,241323,17703445,484131,35661633
VBS17762,145225,13241477,446558,28174614,561375,36106020,649909,46979654,556646,36830417,197809,13559092,233926,17704356,445216,35667797
VBS17763,148108,13242687,441640,28172364,548668,36106475,612942,46996452,541719,36830317,202489,13558857,228232,17704667,500608,35662715
VBS17764,122714,13247186,437170,28176368,440586,36134895,606375,46997174,542504,36832346,195623,13560619,198620,17708943,499140,35663241
VBS17765,145705,13242847,439114,28176829,487972,36131849,691240,46959282,545595,36832808,204312,13560076,234991,17705176,488219,35665200
VBS17766,145672,13243089,431314,28176815,491524,36126697,713821,46965969,542603,36829153,191782,13562143,225755,17704732,489181,35661721
VBS17767,148075,13241721,440915,28174997,547040,36100726,729351,46963750,543427,36828192,197514,13560455,223640,17702309,505307,35659465
VBS17768,142694,13243166,442535,28175212,553033,36106578,706775,46969817,550106,36830954,194237,13560109,232733,17704389,481268,35664494
VBS17770,215624,13205618,525545,28145399,620597,36076036,771964,46922639,647923,36788319,234229,13547544,272570,17688553,589977,35626080
VBS17772,216267,13204121,523398,28144688,659650,36059730,810039,46911443,646004,36788811,234530,13547304,274436,17686356,595711,35622296
VBS17777,215049,13206918,522559,28144200,664754,36060521,806952,46914256,646294,36788433,233038,13545331,277051,17686534,592500,35623399
VBS17778,215697,13203622,558935,28130796,622376,36076594,816614,46923054,642962,36784287,236716,13545675,268729,17690409,601755,35621120
VBS17780,216438,13202552,555144,28129395,660524,36060794,775823,46914674,647856,36786153,234484,13543592,273929,17686338,593372,35618118
VBS17784,213425,13204265,518603,28147236,604632,36063890,813892,46925564,648240,36789064,231084,13549083,267078,17687416,600412,35622198
VBS17785,203493,13206373,522542,28141340,584506,36086248,789058,46916124,645206,36788154,231472,13546455,268617,17687318,597172,35623478
VBS17786,210731,13204314,524162,28139109,629651,36068147,805828,46905705,649816,36783447,234062,13543051,276180,17684719,595161,35616534
VBS17798,206877,13208509,556625,28133600,587828,36086789,770610,46919028,646349,36787600,235733,13546777,269885,17687611,584798,35623853
VBS17801,210538,13206626,553776,28133170,659911,36058257,798739,46927227,644271,36788800,233795,13545309,272654,17685563,582887,35624308
VBS17190,213850,13202607,519989,28144275,553320,36090406,825092,46920143,643778,36787845,232939,13546302,268218,17688061,598933,35619421
VBS17191,216073,13204999,521074,28140965,622049,36077138,807971,46926763,645487,36786862,231812,13543369,273470,17689766,596760,35622450
VBS17192,215410,13204101,521971,28145849,575813,36069399,846903,46908961,643043,36790343,232628,13546452,250991,17691432,618993,35613173
VBS17193,185808,13202272,523606,28146397,616795,36074995,814512,46929625,645198,36784465,233018,13546193,267191,17688253,601047,35623598
VBS17195,216119,13204084,519848,28142726,582577,36090255,811539,46923188,645460,36783935,231630,13545692,265358,17690600,599982,35620570
VBS17196,215644,13203256,521477,28143028,569195,36087104,759088,46922573,645764,36784040,231631,13545739,258926,17688877,588319,35623787
VBS17197,215377,13206751,520516,28143696,491435,36089558,727061,46949352,646947,36789968,231579,13545083,270781,17687268,596657,35623655
VBS17198,215854,13202559,520860,28140263,588973,36082485,811114,46908077,648417,36784038,231474,13544099,269833,17685600,599996,35617059
VBS17199,215587,13203573,520929,28144158,592836,36063396,811880,46913208,646465,36786072,234083,13546583,265362,17686597,601218,35622448
VBS17200,216002,13204663,523899,28141100,622893,36072858,772275,46916165,648017,36783443,233286,13544699,269492,17686462,596759,35619625
VBS17202,216329,13204381,519814,28142653,601599,36066065,767932,46923538,645001,36789807,233370,13544951,264329,17688571,597655,35624123
VBS17203,214555,13203816,521476,28144568,583305,36090614,809326,46924835,646096,36787564,232205,13546462,266991,17689753,599425,35620013
VBS17204,215769,13202719,522438,28142348,579646,36059492,811980,46909454,644903,36786384,233949,13546101,267060,17684648,600074,35619551
VBS17205,216133,13204225,525934,28142509,613090,36060015,762379,46918656,645565,36786641,236166,13543855,271971,17684578,595501,35619737
VBS17206,216504,13204500,523527,28144689,660311,36057876,812663,46914527,648239,36787277,233299,13546596,273213,17683578,599053,35623969
VBS17207,203860,13206996,513162,28144456,547817,36080925,758334,46914825,646820,36786897,226497,13546439,264068,17690000,576672,35622170
VBS17208,214780,13203538,522235,28139735,660517,36060342,765417,46917670,646753,36786650,233066,13545717,274208,17685184,554401,35627552
VBS17209,214938,13204888,479769,28146033,654745,36059775,718064,46931175,646972,36790105,212957,13546452,270252,17685374,492551,35631219
VBS17210,214951,13203839,511999,28141819,584954,36077867,774966,46930188,646654,36786006,224462,13545577,247607,17691570,561395,35625153
VBS17212,216193,13205355,521050,28142207,655414,36061484,758541,46920579,646739,36785462,233987,13543927,270362,17685586,582313,35622860
VBS17213,212813,13205439,515144,28140756,656447,36063274,809626,46923575,645469,36786565,226229,13544456,271151,17688722,597692,35620030
VBS17214,212803,13203337,523510,28142003,558369,36076340,795384,46927548,619949,36790582,232862,13545195,259347,17687961,582333,35622714
VBS17215,215778,13204818,503087,28147424,617915,36076069,751269,46930084,642006,36788259,234038,13545530,266868,17688766,575412,35621222
VBS17216,214623,13204386,523835,28144359,619006,36074326,809473,46926633,643849,36787200,234233,13546106,269487,17687277,596459,35622374
VBS17217,217272,13205049,523582,28144628,653801,36061887,807249,46914552,647090,36788585,234252,13545616,268450,17686093,598812,35621578
VBS17218,216266,13204352,522760,28143075,586446,36088581,823819,46919587,644776,36784597,233746,13544999,269645,17688097,597088,35620824
VBS17219,215613,13203295,521982,28140231,584737,36086931,696344,46928620,642174,36786377,231744,13544670,268766,17689424,523617,35631546
VBS17220,214123,13205954,522115,28140659,600117,36066293,816623,46913278,645717,36787145,233465,13543765,272555,17686524,602354,35623286
VBS17221,216029,13204386,519242,28142484,574397,36089574,824890,46924321,644903,36787132,232319,13544633,268853,17689024,599740,35623693
VBS17222,213471,13205526,517408,28141951,591789,36079245,764112,46919961,645873,36783701,234837,13545760,256626,17690021,593157,35620491
VBS17224,215315,13202831,520371,28144715,571554,36060856,774714,46918582,645907,36786348,232608,13546434,256912,17687932,598891,35622040
VBS17225,215237,13203259,520874,28142618,588303,36085706,745182,46916536,646904,36784017,232359,13545989,269394,17687136,571579,35619505
VBS17226,193458,13206693,523972,28142729,464759,36080349,840525,46905447,648285,36785669,234429,13545417,173864,17690531,607789,35609253
VBS17227,215254,13204801,519588,28142234,654810,36059855,808354,46912838,647526,36786448,230143,13546108,268781,17685751,594308,35621610
VBS17228,214025,13203040,523841,28142355,655884,36059716,775141,46918595,645078,36787829,235234,13545379,270559,17686077,596872,35621764
VBS17229,214611,13204518,520890,28143791,582784,36062434,825009,46920609,646630,36786746,231476,13547024,259987,17685946,598309,35619897
VBS17230,214413,13202816,520450,28140287,653553,36062531,809797,46921787,621051,36791751,232410,13544744,269058,17687388,597155,35617908
VBS17231,215565,13204307,508957,28141602,583112,36087150,812594,46925179,649925,36787844,221183,13544183,266357,17688492,599852,35622441
VBS17233,214831,13203059,521521,28145408,615246,36073101,825687,46918330,644398,36784437,233168,13546680,260907,17688171,599844,35619581
VBS17234,215868,13204748,518966,28141984,652728,36063598,809333,46923025,646485,36787314,231508,13544716,266172,17688297,597797,35618552
VBS17235,215572,13204972,520033,28145330,597619,36065108,808758,46915262,645854,36790616,232399,13546837,267285,17688160,594780,35622652
VBS17236,215029,13204074,521221,28140666,616091,36072522,765135,46918170,646129,36786879,232642,13543206,271150,17687356,596725,35619515
VBS17237,216782,13202972,515468,28144469,584433,36088692,806942,46923168,618399,36788577,225463,13545970,267134,17688387,595112,35618559
VBS17238,205169,13205940,523431,28144359,622602,36074031,755744,46922488,644215,36786120,234601,13545976,272511,17687014,587790,35622901
VBS17239,214318,13206026,521264,28144424,555260,36078793,796309,46916724,646766,36789646,233558,13544744,261907,17688573,585906,35624886
VBS17240,214412,13205015,519943,28142638,648160,36062499,712833,46947243,642282,36789511,233691,13545341,263232,17687678,584215,35622175
VBS17241,215123,13205532,520432,28142803,582889,36089551,821223,46923721,642593,36787831,231307,13546401,265229,17690029,596435,35623618
VBS17242,215864,13205031,517417,28146032,652157,36061311,725975,46943421,643707,36786824,231140,13547062,268283,17686231,598115,35618555
VBS17243,215363,13204929,517710,28144024,572099,36089247,722243,46943961,643486,36787082,231032,13545330,256203,17690605,591110,35620301
VBS17244,215522,13203328,522038,28144666,611507,36075609,819812,46918873,637697,36787282,234053,13545171,263054,17688612,594673,35619435
VBS17245,216193,13203901,520281,28143183,578526,36090763,729517,46943827,641405,36785493,231633,13546121,263347,17690283,599629,35620238
VBS17246,213168,13205605,520545,28146321,646456,36066344,814765,46922527,634307,36791042,233193,13546586,262072,17691606,589432,35622765
VBS17247,215609,13204847,520300,28143646,581158,36089322,706873,46949971,640177,36785841,231987,13546015,264050,17690613,575468,35625349
VBS17248,214965,13206523,515467,28140953,577418,36091736,722281,46948359,639880,36788908,231873,13544101,263361,17689846,592384,35622038
VBS17249,214350,13203090,521137,28142691,578189,36088098,721946,46945930,635880,36787953,234184,13544464,263820,17689397,597153,35620528
VBS17250,214335,13207549,521009,28145423,577758,36091553,715906,46949631,630326,36793227,235285,13545976,262932,17691290,585983,35625058
VBS17251,213030,13205075,516525,28141329,573518,36089845,719723,46949254,633874,36793276,229758,13543697,262338,17689325,592173,35622912
VBS17252,214130,13205288,521857,28141571,611581,36078468,707065,46950577,644552,36783101,234252,13543821,264586,17689840,577211,35624912
VBS17253,215194,13205365,521198,28143044,579817,36089755,713945,46949981,632263,36790431,232939,13545197,266009,17688337,587037,35623587
VBS17255,215087,13205461,517747,28142284,652632,36061068,689323,46951519,636676,36786073,232447,13544505,268219,17687051,589719,35622415
VBS17256,214224,13206231,517822,28143574,613806,36073935,773052,46929054,646807,36787950,232196,13545885,266870,17687141,565528,35624401
VBS17258,215203,13203306,520503,28142197,580937,36090436,727159,46948489,636156,36788138,232222,13543599,263009,17691125,600321,35622692
VBS17259,219481,13198028,529543,28133893,587498,36077713,737385,46933457,656655,36772384,236655,13540815,262750,17684771,604263,35611132
VBS17260,215720,13202841,522307,28143106,622875,36070590,719967,46945696,650538,36785612,232453,13543542,272105,17685353,592518,35620751
VBS17265,215593,13204303,518571,28139925,577909,36090325,788500,46923283,625424,36789452,230157,13544060,261703,17690713,578418,35619894
VBS17267,215825,13206077,517955,28143416,614083,36077503,801824,46924284,632176,36786633,232015,13545014,266677,17690133,594123,35620237
VBS17270,215139,13206220,521005,28141510,586457,36088649,823998,46920679,641482,36788330,232698,13543666,268166,17687198,598887,35620336
VBS17273,214195,13204459,520674,28142525,645615,36063045,705774,46947095,635899,36784450,233811,13545542,260293,17689228,577614,35623003
VBS17275,214622,13206552,514801,28144174,577750,36088920,710227,46949999,638425,36786721,231952,13545550,262496,17689520,581033,35625426
VBS17277,214071,13204009,516651,28141653,583180,36089467,727101,46946151,638609,36787697,230561,13544658,267821,17688331,597780,35620824
VBS17278,216181,13205243,524579,28143704,617506,36076712,783721,46928089,640957,36786443,234180,13545622,269774,17689758,573637,35622847
VBS17282,214285,13204416,518476,28143648,655736,36064219,713501,46948611,636763,36788621,231208,13546545,270333,17689760,585945,35624070
VBS17283,240044,13194316,583294,28126537,655600,36067477,799392,46919995,723431,36766722,261139,13537863,297708,17679893,647988,35601707
VBS17286,214699,13204184,520365,28144392,617482,36073665,796241,46928246,631895,36791419,233751,13545101,269659,17688953,586209,35625143
VBS17288,213647,13204255,518695,28143624,575609,36090587,703075,46950313,635950,36791900,230421,13546114,260699,17690622,573972,35626195
VBS17289,211892,13206519,519169,28144698,577793,36090329,721549,46948918,639928,36785927,230068,13545713,261340,17692023,593478,35623905
VBS17290,128992,13242258,461533,28151363,495862,36107414,694186,46934983,560583,36808083,211032,13551061,233953,17694298,519136,35640654
VBS17316,121034,13249414,535673,28143227,552121,36101692,671915,46948148,541504,36823767,208147,13556893,229433,17701486,504558,35649766
VBS17317,126728,13246020,434796,28142101,477266,36080342,683393,46948039,545794,36820123,202584,13554671,233267,17698008,516924,35650207
VBS17318,125742,13245359,438884,28138672,583278,36067429,731136,46936317,542491,36820513,206554,13552913,239270,17694070,514032,35649974
VBS17319,124153,13246466,529730,28141203,630803,36076637,705917,46944079,546827,36820427,209054,13553833,238926,17697639,495562,35653722
VBS17320,119392,13248112,442840,28135164,489277,36075393,675096,46942453,546141,36821630,200295,13551738,239818,17694326,523298,35649296
VBS17323,162791,13239823,616033,28129069,592273,36062039,808632,46924501,648873,36807511,249554,13546861,282954,17688831,610200,35635453
VBS17326,119995,13248455,429381,28142760,473975,36078038,687244,46946392,551073,36819441,201422,13554329,235600,17694635,516980,35651052
VBS17327,124177,13244403,446185,28160412,637355,36069669,721974,46935296,548557,36816342,205026,13554417,241039,17695350,514304,35646395
VBS17328,118331,13248404,450556,28160897,493884,36077088,725438,46938163,542573,36820767,203840,13554332,237105,17697132,516098,35649304
VBS17329,124070,13246923,537526,28139518,542525,36078948,685813,46943764,541284,36820760,211352,13552874,240547,17695389,523060,35645746
VBS17330,122055,13246603,527659,28141002,489838,36073797,730680,46938632,543340,36819193,207824,13553188,233489,17695068,520702,35649475
VBS17331,126619,13246348,443656,28164831,633951,36072819,646832,46946469,536318,36819387,199515,13554914,240592,17696107,497686,35649835
VBS17332,124475,13246306,514630,28141054,577405,36073189,685767,46949774,545927,36817963,198065,13553725,239971,17695567,518681,35652122
VBS17333,122484,13248393,442256,28140353,484185,36081073,724522,46941127,552032,36822867,211537,13553249,234740,17697492,517298,35650772
VBS17334,123891,13245494,451544,28164811,498677,36092092,685665,46945457,549601,36819595,209070,13554466,235537,17695991,513979,35649070
VBS17335,122441,13246344,544109,28133840,647540,36067940,704386,46937873,564829,36816585,213391,13551788,248176,17695253,533666,35642905
VBS17339,121501,13247068,529540,28138607,627679,36077142,716746,46940038,549494,36818340,202994,13551837,235092,17697685,508331,35650082
VBS17342,114581,13245857,427823,28160608,590793,36057753,662779,46937837,553493,36804089,201606,13549461,233316,17693517,497917,35641722
VBS17345,111124,13248768,412103,28166682,535324,36074629,659110,46940035,556787,36799573,197263,13552258,228589,17697872,493396,35643878
VBS17346,113036,13248443,459242,28117663,475381,36073044,644911,46950380,556707,36804766,195758,13552334,219258,17698906,483381,35654484
VBS17347,110721,13246764,551290,28130376,489135,36064516,722576,46929119,566363,36800651,211023,13549554,230274,17693873,508109,35641404
VBS17348,110788,13249768,543471,28130702,490649,36067318,656173,46946593,550453,36807171,204422,13550164,227024,17695907,492727,35650367
VBS17349,111034,13246585,537470,28126188,490549,36065827,677174,46940932,566773,36802128,197969,13546207,224949,17694274,502095,35648717
VBS17351,112434,13242933,475349,28142343,530983,36044290,710759,46919411,605281,36785858,219694,13544372,245676,17687000,532412,35630565
VBS17353,112846,13249069,557982,28127523,582543,36060627,654463,46942269,554425,36807571,206644,13550587,229712,17694125,494158,35645834
VBS17355,106313,13248764,451618,28121538,585139,36060264,665805,46940713,554584,36808927,200221,13551079,229811,17695401,497935,35645737
VBS17356,114229,13247578,546349,28124868,585355,36060433,668432,46937762,552163,36806153,200896,13547138,233287,17695123,496135,35643658
VBS17361,108392,13248363,425230,28164530,578384,36060366,652873,46943262,558191,36806676,196868,13551696,231715,17693815,487749,35648133
VBS17362,119469,13240796,561889,28119377,609476,36047137,686065,46923691,576143,36786349,215989,13544796,241421,17689030,516146,35632025
VBS17364,110246,13245849,529259,28135755,631651,36067445,661118,46940133,550635,36805038,199041,13552279,231312,17695369,499171,35645744
VBS17370,115907,13243679,553129,28121615,504212,36054789,667446,46935033,559453,36800343,207125,13547893,227545,17690968,496012,35642390
VBS17371,109560,13248907,460464,28117882,491845,36067596,665898,46941924,549381,36807594,201144,13552129,229452,17694584,499549,35648332
VBS17373,110565,13245879,429281,28162097,542937,36069222,661080,46940624,563788,36804209,208118,13549678,230779,17695703,490584,35646143
VBS17374,114480,13245587,555047,28123910,590198,36054979,675251,46930395,562448,36796598,211138,13547205,229013,17692155,504365,35638047
VBS17378,112891,13246674,548209,28124815,587129,36060926,644663,46946996,552161,36804721,198364,13550223,231124,17694166,475369,35653220
VBS17380,134121,13239404,597517,28111612,645724,36038813,758221,46910853,628439,36782250,230495,13542402,256796,17686274,568591,35622473
VBS17387,113026,13247880,546530,28129397,492711,36066044,659017,46939934,554442,36805926,206531,13550305,223116,17697819,492061,35645004
VBS17388,106615,13251352,432974,28165129,583274,36063526,658054,46945214,550693,36806259,203228,13551359,230621,17695553,493861,35648426
VBS17391,106921,13248476,430257,28165486,495755,36063735,657979,46939409,554104,36801384,204651,13551407,221787,17695776,488078,35644239
VBS17394,213486,13205317,555970,28132734,658831,36062257,802746,46907611,637199,36787626,234201,13546508,270386,17686636,588144,35619826
VBS17395,215802,13204203,519459,28140205,580992,36087498,762062,46914925,640920,36787832,231963,13543923,266536,17687817,588060,35620700
VBS17396,214803,13203395,517941,28143185,575529,36087566,793793,46910043,640356,36787581,231449,13545055,263039,17686411,580280,35621347
VBS17397,209942,13204787,554801,28130791,578767,36088596,810854,46911389,643254,36790094,232582,13544633,268160,17688039,596781,35623968
VBS17398,213718,13205347,553262,28132003,582047,36088795,761397,46912021,646005,36786409,232371,13545608,267455,17689339,587845,35619611
VBS17399,212514,13206888,518447,28143980,615219,36074492,786162,46916821,641980,36786783,232502,13546176,267045,17688827,596827,35623607
VBS17400,211841,13205005,523540,28142563,620432,36071812,772993,46913873,644317,36786657,233209,13544312,269897,17686171,598041,35620507
VBS17401,213874,13205977,553630,28131283,656659,36059711,765100,46914604,643510,36786977,234210,13545431,268742,17686560,596871,35620931
VBS17402,212118,13205605,516456,28144278,576054,36092039,770796,46914081,644921,36784470,230544,13546495,263824,17690755,597757,35619348
VBS17403,213407,13204287,553915,28128834,567598,36088788,792874,46907945,643375,36790659,232901,13543874,255251,17689096,579239,35619009
VBS17404,210898,13204323,521669,28144513,575753,36087223,795672,46912501,642225,36786338,232856,13545897,264925,17689760,581164,35624623
VBS17405,212365,13205888,521317,28142535,652886,36062665,806302,46910380,642036,36788889,231893,13546617,264427,17688274,590114,35621177
VBS17406,214102,13204500,521448,28142808,580690,36088005,767199,46915976,643733,36786247,232436,13545087,266695,17687255,593816,35623326
VBS17407,211382,13204046,517476,28142839,577588,36089204,771244,46916134,643146,36789194,231153,13547661,265162,17688027,582481,35622834
VBS17408,212948,13204483,523202,28142119,577160,36089386,808678,46911769,642112,36783434,234092,13545576,265778,17689086,594507,35623094
VBS17409,214048,13204157,519603,28144099,582329,36088742,809447,46909990,645242,36785915,231832,13544995,267059,17686424,593976,35620444
VBS17410,214678,13205541,554673,28131955,616714,36072580,757112,46915284,642124,36789878,232730,13546514,266325,17686604,584072,35622424
VBS17411,214285,13205166,523406,28142535,578265,36089881,759308,46915109,643785,36789171,234069,13545029,263959,17689868,586232,35622530
VBS17412,211706,13204304,553857,28132094,577195,36090806,811255,46910181,645569,36787558,231911,13545707,264277,17688103,596242,35621236
VBS17413,214734,13205385,520239,28141590,617814,36073692,763041,46918449,643675,36787495,232415,13544978,268035,17688788,589585,35624617
VBS17414,211780,13206107,517265,28144692,572797,36087946,812832,46908756,643120,36787164,230877,13545070,266645,17687689,598003,35620519
VBS17415,212422,13204442,554422,28130993,575645,36086349,806927,46908440,643476,36786071,233997,13544348,264135,17686485,592317,35620542
VBS17416,208282,13205664,519378,28143180,619044,36073814,809516,46913335,644360,36786594,232809,13545408,270754,17688034,595306,35624852
VBS17417,212365,13205610,551804,28130810,618584,36073122,693044,46947094,645360,36786146,232426,13546458,268742,17688057,596393,35621666
VBS17418,213887,13204786,515556,28129558,576156,36086908,778152,46911693,641594,36787106,231236,13545268,263092,17686437,589194,35620579
VBS17419,216015,13203327,520640,28142070,578900,36088353,772933,46916243,642758,36785582,232502,13545515,266802,17688238,583926,35622468
VBS17420,214135,13206691,516369,28143521,581030,36086287,804666,46910020,643558,36787074,230794,13546179,268793,17685524,589423,35621740
VBS17421,214642,13204763,554634,28129041,611074,36072282,807225,46910114,644427,36782432,233003,13543886,262749,17686861,592348,35621519
VBS17422,212890,13205446,552519,28129834,578777,36087739,808610,46908235,642909,36786965,231671,13543342,264316,17689048,593704,35619845
VBS17423,214356,13204317,520105,28140502,616209,36073275,803448,46912668,641989,36788625,232938,13543754,267167,17686833,590660,35624904
VBS17424,212307,13205439,555912,28132433,581968,36086865,784840,46917657,641736,36784738,232920,13546005,268036,17687046,594884,35623389
VBS17425,210395,13205521,515499,28127776,578868,36091085,801543,46911443,643631,36788570,232120,13545045,264766,17688828,586513,35622615
VBS17426,214939,13204559,521411,28140166,578753,36089843,774542,46917447,643213,36788062,233504,13545300,266862,17689073,588211,35623545
VBS17427,211784,13207175,554522,28130403,577259,36089837,779197,46916865,644267,36783918,233159,13545337,261468,17691169,589050,35623372
VBS17428,214894,13205578,519686,28144023,574606,36089122,801196,46911649,641913,36786362,232611,13547236,260452,17688317,586010,35623934
VBS17429,215527,13204047,576128,28122800,681862,36048102,818582,46901631,671912,36774055,242595,13542367,281327,17681268,618345,35610594
VBS17430,213229,13204529,516144,28129229,574888,36071749,797731,46910988,640469,36787120,231164,13545833,262203,17686354,583037,35622086
VBS17432,208091,13206065,520885,28141057,580298,36086634,801257,46911575,641630,36784029,232552,13544472,265876,17689482,587078,35622473
VBS17433,209910,13205910,513126,28127960,567853,36091825,783582,46908741,643728,36787032,231806,13544962,263537,17689830,594785,35617564
VBS17434,214802,13203053,560281,28123368,626444,36063399,766943,46905031,648565,36782521,236558,13541620,273588,17682102,593316,35614446
VBS17435,211217,13205641,554526,28131951,580078,36090870,769340,46911151,638936,36790422,232410,13545424,266282,17690257,593281,35617723
VBS17436,212634,13204657,552746,28132886,574287,36088661,796413,46912120,642890,36788321,230633,13546518,263417,17688256,582728,35624051
VBS17437,210184,13205989,553713,28132697,576608,36089587,763893,46916318,643521,36788377,232778,13546031,263034,17689339,592524,35622790
VBS17438,212735,13205864,553740,28133077,616777,36070255,806963,46907916,642365,36787568,232019,13546026,266074,17686187,592963,35619215
VBS17439,214358,13205248,554895,28131257,619062,36072217,764608,46915930,644066,36785974,232732,13545078,269657,17687292,592106,35622653
VBS17440,209949,13204651,556352,28130093,579720,36090929,806288,46909479,642701,36784209,233316,13545001,264265,17689649,591196,35621608
VBS17441,216064,13203892,521125,28142386,617714,36074024,760915,46915563,641285,36786038,232820,13545013,266729,17688715,588089,35621961
VBS17442,211336,13206127,552738,28130047,619873,36077120,773252,46914890,641025,36786536,232740,13544443,267720,17689598,583278,35621508
VBS17443,212656,13205771,520847,28141590,571918,36088684,807153,46912052,642860,36784411,230744,13544950,262995,17687543,593005,35622643
VBS17451,205980,13206572,494524,28130995,580339,36050012,756229,46912605,616028,36789081,220999,13545313,257312,17681044,565287,35622585
VBS17452,203193,13206542,467543,28144187,577352,36043920,743074,46913230,617753,36789947,209961,13544882,260028,17676935,553508,35622738
VBS17453,203912,13206938,536802,28130671,578578,36047752,766900,46908830,604854,36782323,223475,13544166,258938,17679793,574966,35618920
VBS17454,203294,13204385,481170,28141642,546228,36051613,738824,46909561,611160,36780238,221117,13544863,256654,17680578,562170,35618897
VBS17455,199669,13207139,539574,28130173,582560,36048903,761181,46907867,611210,36791851,222917,13543521,262693,17679343,570159,35617697
VBS17456,204599,13206395,491871,28130201,580162,36048492,748309,46912984,610513,36790451,224587,13546288,258632,17680475,557715,35621863
VBS17457,202456,13204647,529793,28133954,577937,36048508,742476,46910785,610638,36786762,211146,13547053,260703,17677872,552915,35622028
VBS17458,202944,13205581,486015,28129902,577947,36046416,762624,46913836,608432,36786173,222540,13542747,257161,17678458,571696,35623010
VBS17459,204721,13207089,540282,28129643,580170,36050337,759932,46910652,614296,36787906,222824,13544916,261421,17680916,570468,35621137
VBS17460,200202,13204550,477662,28144351,583517,36043601,734493,46910230,610688,36778610,217471,13547040,260630,17678554,547857,35619431
VBS17461,206543,13204973,488933,28141427,580350,36043338,756476,46907695,614989,36784772,224078,13542573,255761,17676041,560827,35618538
VBS17462,203865,13205614,476865,28126405,575219,36049949,753637,46910855,606724,36788870,205220,13543352,255246,17679742,563905,35619766
VBS17463,215291,13201022,515438,28134251,616827,36035430,803621,46895588,651458,36772937,232127,13540657,271618,17673320,598276,35608149
VBS17465,203099,13205956,538537,28130690,581848,36046329,761915,46907541,599093,36788594,220115,13544853,260802,17678396,570802,35616114
VBS17466,205453,13205253,479865,28142242,578850,36047142,757913,46907176,609283,36780159,217414,13546044,255404,17680057,566986,35617776
VBS17467,203931,13205500,542212,28129604,575432,36049877,752861,46912748,612010,36784971,223745,13545585,257830,17680091,559802,35622212
VBS17468,199871,13205178,538095,28129755,580937,36046924,754287,46908988,606133,36787426,219817,13544181,261666,17679254,564523,35618690
VBS17469,204917,13206641,484414,28141918,575233,36047608,753147,46907570,612106,36785103,223542,13543766,256657,17681437,561250,35617908
VBS17470,206092,13206852,489007,28131133,571895,36046951,764860,46909615,612719,36784863,220510,13546359,251918,17678810,572244,35618761
VBS17471,202893,13205904,480967,28142404,579266,36045188,758528,46910999,617109,36787901,217083,13545580,257057,17678928,566576,35618847
VBS17472,204369,13206628,541464,28128528,583245,36048356,743215,46909905,609705,36787939,222916,13543937,263431,17678227,553855,35620395
VBS17473,205899,13204747,541323,28128417,580424,36048202,750342,46907769,607558,36788141,223221,13543343,261967,17680118,559850,35618065
VBS17474,204229,13203819,475603,28144280,581918,36045920,760003,46909397,602571,36786867,217956,13544112,256690,17676669,569092,35619221
VBS17475,204434,13204565,545618,28131359,579886,36047876,763827,46907001,614740,36787655,226473,13545387,260231,17679548,572343,35617325
VBS17476,205997,13205906,538623,28128907,569787,36048928,746691,46909808,608111,36783805,219483,13544345,260710,17680148,557731,35619377
VBS17477,203232,13204985,478877,28131381,582426,36048089,758721,46911362,615370,36784261,216102,13546768,259510,17679795,565423,35620073
VBS17478,203514,13206394,538560,28132546,576644,36048100,755354,46912185,613746,36788941,221628,13547039,256321,17679973,564249,35621041
VBS17479,205737,13203430,537861,28129573,581440,36044669,760760,46906964,615725,36782779,218853,13543947,258790,17678304,569216,35615895
VBS17480,202829,13206033,540681,28130916,572544,36047288,745726,46912758,612900,36781685,222041,13544940,250422,17677950,554951,35622202
VBS17481,205842,13205647,539240,28130232,574727,36047383,756917,46909686,606785,36788836,223058,13545714,258486,17679430,568738,35618496
VBS17482,205825,13204554,482587,28138681,570336,36045635,765946,46905038,610773,36778807,216480,13541529,251607,17679973,575577,35615114
VBS17483,203945,13206094,534784,28133754,577822,36049246,745730,46913934,617504,36788993,217929,13547080,256874,17680316,555170,35622333
VBS17484,201329,13208069,543649,28134603,577778,36051426,755714,46912059,603473,36787851,223868,13546691,258466,17680418,563074,35619963
VBS17485,243315,13197367,571374,28119782,679527,36031538,889777,46889842,717636,36771662,254935,13541092,307969,17669408,668558,35604854
VBS17486,204435,13204683,490444,28127420,575173,36048880,753395,46907515,607380,36786844,221798,13545344,258892,17679300,562461,35617912
VBS17488,219506,13196755,524496,28125492,623566,36024018,806700,46885406,654224,36764996,235744,13537112,281626,17667552,601620,35601117
VBS17489,205613,13204747,538640,28130935,574841,36046366,753791,46911005,604263,36787265,219841,13546101,256663,17679488,565350,35618554
VBS17490,149757,13239687,444203,28172697,468258,36129198,658478,46958637,551281,36829664,198454,13559567,224780,17703074,509686,35655615
VBS17491,151568,13238633,525932,28148511,566953,36099227,709911,46969431,550011,36824564,204259,13559686,238059,17700487,505485,35659503
VBS17492,137533,13244267,464309,28168164,499766,36093916,704774,46964287,567470,36821497,209652,13557730,242830,17697869,492605,35655638
VBS17494,150137,13240187,523438,28148635,627339,36078870,709591,46968167,543890,36827948,204579,13557054,238126,17699543,504085,35657677
VBS17495,146761,13242511,452052,28170707,499156,36125387,721120,46965220,558420,36823115,200331,13558128,233382,17701930,512453,35657579
VBS17496,144283,13240501,448447,28173042,500824,36093456,679628,46971761,540972,36829483,200683,13557914,237991,17698587,473345,35662443
VBS17497,147397,13242164,457910,28168373,565723,36098838,720276,46948337,540506,36828054,206739,13558060,236384,17701816,515330,35654163
VBS17498,195672,13231734,636309,28129072,709033,36073732,906440,46931305,706738,36798130,260731,13548238,309475,17688837,653422,35631879
VBS17499,151681,13239033,454366,28172708,502381,36122516,610982,46990845,554287,36823147,202500,13558901,240064,17700676,502676,35658029
VBS17502,146897,13240646,447853,28169801,569726,36097347,710664,46961160,563916,36823050,198470,13558392,239584,17700056,503480,35652697
VBS17503,147766,13239119,414332,28176331,498582,36123389,674809,46955396,537856,36826134,158449,13564643,240614,17701720,521513,35652802
VBS17504,156086,13238017,475093,28162670,532500,36114783,745837,46955382,566651,36820833,213653,13553902,247353,17696861,531201,35649287
VBS17505,146989,13241144,451975,28169628,501152,36124821,647174,46959047,544307,36824777,196983,13557826,231964,17701879,506429,35655475
VBS17506,151890,13240781,407416,28174156,565725,36099026,606012,46964419,557350,36825384,161362,13559989,241485,17698852,460558,35660420
VBS17508,148577,13240444,446411,28170310,485411,36121877,726459,46961632,552201,36824406,200414,13557260,230415,17700245,518079,35653202
VBS17509,147382,13240715,451976,28170340,470458,36102874,709423,46969564,551076,36828768,202736,13557250,233808,17701419,503676,35659467
VBS17511,154592,13239544,468323,28164571,586352,36092692,491930,46994721,568583,36815514,207370,13555152,248544,17699358,424307,35658814
VBS17512,150207,13239994,447048,28173077,564986,36099149,716985,46962375,550791,36824195,199780,13559224,234973,17699955,509596,35653812
VBS17514,148632,13239687,524833,28147524,565568,36099111,717391,46963526,546691,36825569,200907,13558926,236846,17700205,510620,35654913
VBS17515,150019,13239347,457358,28168611,568186,36098367,740038,46961890,549104,36825179,204405,13558181,240304,17699625,512226,35659038
VBS17516,151420,13239483,523202,28145745,499825,36122309,719837,46946380,556850,36820857,203094,13556460,229681,17700435,514799,35654812
VBS17517,148489,13241571,454860,28168736,504839,36122609,654908,46956402,541542,36824807,203001,13557094,234985,17702145,509311,35653778
VBS17518,175137,13238478,520329,28160152,578612,36113067,740655,46977267,643720,36813639,237209,13553199,271273,17697620,605058,35648090
VBS17520,145454,13240167,432323,28168926,502630,36124202,656618,46956963,552441,36825060,188847,13556053,234277,17701750,507676,35654542
VBS17522,152422,13240046,442090,28171579,497243,36125551,708246,46965661,552530,36826627,196074,13559328,235379,17701460,501092,35656747
VBS17523,153376,13240314,457371,28171396,504040,36122245,724811,46947238,551443,36826741,204568,13559446,239508,17700095,519894,35656034
VBS17524,148760,13243361,455891,28173059,569745,36100333,724268,46966839,548669,36828785,203841,13560156,240491,17701672,517097,35658170
VBS17526,155045,13235672,473051,28158363,522105,36111785,724741,46952442,574624,36811317,209433,13552441,250485,17696086,514093,35646159
VBS17527,147920,13239556,456436,28168465,498970,36124628,650897,46959714,550921,36826900,203222,13557435,238104,17699716,504129,35657407
VBS17528,120261,13247193,449271,28172422,498211,36125998,709625,46948944,560498,36823233,203784,13558736,232522,17703000,506545,35656361
VBS17529,150718,13240731,524281,28148225,570620,36092533,689161,46967863,532460,36827654,204538,13558823,240202,17696461,483948,35659083
VBS17532,146478,13242421,452591,28175987,563536,36104314,656046,46962473,548323,36825563,200769,13560898,236805,17703116,518644,35657272
VBS17534,147516,13242318,445795,28172690,497338,36096922,615996,46965351,557498,36824766,199538,13559149,233138,17700643,467900,35662578
VBS17539,155607,13237940,480049,28161281,594746,36087761,749429,46936166,583726,36814148,212451,13554368,252549,17694970,532194,35647902
VBS17540,211540,13203032,529019,28137525,588586,36084753,738321,46939729,650701,36781916,236210,13542909,268993,17687779,604508,35616503
VBS17541,217986,13200160,520505,28137905,585117,36082052,734836,46938385,648648,36782238,231485,13543522,266781,17686803,605923,35615363
VBS17543,216522,13202746,524025,28140530,584548,36085754,813943,46922557,646877,36785022,233910,13543088,266797,17688396,604602,35618950
VBS17544,218035,13202057,525751,28138838,623034,36070207,724246,46940547,645210,36784298,235486,13543394,271631,17686332,594623,35618439
VBS17545,215598,13205179,524415,28140817,653996,36059978,730308,46938848,645225,36787208,234295,13543140,270000,17687643,601795,35614194
VBS17546,209963,13206731,522799,28143973,614659,36074794,810136,46928112,645962,36786202,234681,13545319,269177,17687897,600065,35624447
VBS17547,216806,13201551,520246,28141945,650666,36061625,730000,46944541,641326,36786629,232680,13544594,265292,17688452,600058,35619819
VBS17548,225600,13198797,544162,28131043,603397,36076485,758584,46930883,670343,36773444,243337,13540461,274012,17684124,622045,35609253
VBS17549,214954,13202380,522336,28141399,577934,36089380,807249,46920003,645739,36785221,232921,13545516,260599,17689963,599293,35618296
VBS17550,214916,13204414,522755,28143058,578350,36090407,829397,46917621,644128,36783737,234454,13546437,260472,17691797,603570,35616962
VBS17551,217035,13203370,521964,28142868,578623,36087843,813362,46921506,646476,36783160,234913,13545940,260580,17689137,602852,35619377
VBS17552,215323,13204184,520677,28140969,583535,36084281,730210,46943667,642713,36785254,233780,13545354,266221,17686713,601001,35619359
VBS17553,214397,13202395,524593,28144049,579004,36089621,730916,46943711,645959,36783719,235398,13545145,263276,17690876,600779,35619291
VBS17554,211591,13205374,522193,28140862,506046,36100160,808534,46925430,634963,36788977,233709,13543927,244617,17692228,600907,35619970
VBS17555,215311,13204486,521667,28143836,582177,36088306,715683,46945859,641649,36786783,234165,13546685,266329,17687655,584951,35621117
VBS17556,215428,13203068,519522,28141504,623295,36072513,727172,46948120,647544,36783613,232267,13543887,269858,17686547,598181,35622641
VBS17557,213235,13202770,521893,28136968,620823,36074313,726721,46942596,643081,36783187,233488,13544247,272367,17688033,596458,35618545
VBS17558,217613,13202371,560565,28127841,661776,36058009,729917,46940774,647062,36779311,237972,13543150,275868,17685126,597730,35618201
VBS17559,192108,13204876,523887,28138076,409868,36078553,729419,46939672,643306,36785286,234049,13543986,172130,17694941,597148,35616978
VBS17560,216001,13204434,516116,28140892,656548,36061934,731159,46939666,646501,36783438,232264,13544047,271097,17688029,598155,35616681
VBS17561,216111,13203729,521967,28139846,619523,36071637,732737,46942340,640802,36786917,232685,13543278,271204,17686347,602284,35618326
VBS17562,216414,13204489,521717,28140574,582614,36088621,809562,46923373,632613,36791522,233391,13544313,264179,17689402,601930,35619996
VBS17563,216802,13203836,521911,28142354,481536,36071416,731250,46939940,648347,36784266,234377,13545147,219469,17690502,601644,35615883
VBS17564,179850,13209855,516080,28142667,653927,36061708,825539,46918955,645102,36786068,233282,13543327,269233,17687904,599570,35619475
VBS17565,215227,13203148,520071,28144776,652376,36059687,732807,46945739,644217,36786893,232814,13546254,267574,17686600,601526,35620769
VBS17566,214482,13203456,519881,28143184,624703,36074692,727093,46944367,636811,36786968,233377,13543515,270290,17688465,598896,35621010
VBS17567,216157,13203380,523041,28138261,609265,36077584,827108,46919332,641396,36787332,233009,13543647,256013,17690511,601391,35619951
VBS17568,214728,13204149,521939,28142088,585149,36086937,729578,46946006,643537,36785240,233149,13544719,267841,17688754,600938,35621810
VBS17570,215801,13203022,523025,28140497,617252,36073743,800391,46924920,637352,36788583,233728,13544367,263405,17688311,590565,35620707
VBS17571,209679,13204384,522412,28141125,579144,36086968,829502,46919796,636849,36785775,234465,13544190,262526,17690578,603612,35619819
VBS17572,215027,13203110,521803,28141044,628308,36057822,826499,46919752,643806,36785330,231876,13543895,272602,17685369,600475,35620264
VBS17573,215062,13202370,521193,28138856,582224,36089758,782716,46912086,646245,36788569,233968,13543984,264764,17691155,602133,35618975
VBS17574,188029,13209043,524669,28140603,621212,36073005,717591,46944450,644958,36784971,234193,13544309,267801,17684812,586787,35620597
VBS17575,215093,13204134,521855,28138771,576767,36088856,798599,46923090,647800,36786442,233867,13543520,260385,17689185,589187,35618763
VBS17576,214998,13204201,522940,28141296,580151,36085814,827575,46918325,642242,36786352,233733,13545171,264097,17687142,602468,35619438
VBS17577,215546,13203683,525003,28140394,581016,36090291,726447,46949456,639887,36784810,235169,13544144,262960,17691412,598485,35623716
VBS17578,214709,13204286,522120,28141678,582431,36088075,729081,46942651,647271,36788864,233390,13544663,264498,17690006,598496,35617252
VBS17579,215611,13203048,519244,28143152,610902,36078918,727646,46946388,643705,36786347,232949,13545520,257724,17691107,597269,35621920
VBS17580,213525,13203214,521981,28143504,655660,36060482,807673,46924448,646251,36787293,233330,13546357,271078,17686964,597478,35620905
VBS17581,209073,13203946,522701,28143009,589953,36067209,826737,46919568,644377,36785949,233521,13544234,272380,17687698,601107,35620502
VBS17582,215183,13203482,521418,28141834,574574,36089362,730884,46943457,645425,36785121,232929,13543893,258649,17690122,602275,35618674
VBS17583,123848,13245209,461143,28161071,498080,36074447,734512,46932031,555770,36816396,208636,13553439,239534,17694000,522557,35644161
VBS17585,133752,13238022,484646,28145343,602900,36073262,768212,46912351,583760,36797576,219550,13546613,261328,17686215,547872,35629607
VBS17586,122965,13246927,528450,28140691,637185,36072458,733023,46939059,553785,36820074,209022,13553211,243423,17696538,523359,35648878
VBS17587,145412,13235124,498420,28139953,687033,36047575,758497,46912065,607627,36792200,224966,13543686,269167,17684269,572414,35622943
VBS17588,136833,13238242,502480,28140435,683632,36050339,737766,46908358,608518,36796004,226984,13544390,265091,17685811,568000,35622817
VBS17589,126041,13246122,458475,28162468,495235,36093309,751670,46929312,562142,36815778,212541,13553093,243133,17694217,536294,35642603
VBS17591,130006,13242731,474730,28157851,585769,36083593,696966,46935812,578540,36809584,218526,13549726,252377,17692526,536198,35643210
VBS17592,122517,13244454,456728,28161800,479599,36119176,728156,46936371,551014,36818718,210514,13552873,235365,17698142,522510,35647076
VBS17593,123068,13245662,549143,28134591,649547,36066317,707900,46934356,572641,36811620,217804,13549564,248282,17692469,540344,35642071
VBS17594,124218,13244602,452687,28164979,577623,36071914,691909,46944417,553121,36814288,205412,13555314,235532,17696427,521781,35648119
VBS17595,126467,13243936,470802,28158996,579572,36091174,707639,46935432,570920,36812146,214089,13552106,240234,17697128,534827,35640759
VBS17596,124350,13244973,459065,28159529,644642,36070059,737838,46932449,564029,36813768,209612,13552210,246850,17695768,526334,35644255
VBS17597,124343,13246430,449722,28164082,554051,36099427,586665,46983557,542638,36820981,203473,13554283,235593,17698585,518243,35646098
VBS17598,121786,13244518,453485,28162569,488334,36117878,681140,46942334,551485,36817295,205484,13553846,235593,17698250,513931,35647318
VBS17599,125378,13246249,533589,28140338,484030,36115622,734703,46933458,553068,36816342,206380,13555071,235338,17696805,525455,35644818
VBS17600,121529,13247228,453809,28160165,636123,36070194,689418,46943321,553277,36818208,206733,13551323,243000,17695287,523475,35646873
VBS17601,125446,13245447,533983,28138715,572365,36070940,693741,46940338,557582,36814435,205909,13553005,233651,17696194,485282,35651890
VBS17602,128439,13241672,462567,28153865,499103,36104944,696878,46932378,574201,36806766,208536,13550746,240912,17692365,527694,35637800
VBS17603,122664,13246106,537646,28139013,632120,36072653,734078,46934723,551154,36817231,211314,13553513,239254,17696285,523196,35646490
VBS17604,125261,13245818,447190,28162350,574087,36072334,744302,46949043,550434,36819243,204070,13553811,236709,17695877,514948,35648866
VBS17605,125524,13245242,459524,28160749,631745,36073411,686599,46945151,540078,36821115,212060,13552744,238491,17695249,520554,35647071
VBS17606,128099,13242494,469182,28155444,579975,36064394,703871,46933663,560103,36812811,215536,13549931,237214,17691756,534727,35638395
VBS17607,123845,13245724,448603,28163590,575558,36073157,733347,46932663,544325,36818252,204581,13553697,237533,17695742,526990,35643776
VBS17608,128973,13239189,464897,28149024,508642,36078918,749347,46918038,569975,36800758,214899,13546077,241143,17690484,535349,35633422
VBS17609,124549,13245786,451847,28162408,632564,36070581,730325,46935370,553198,36815227,210585,13551863,240660,17694858,519772,35645488
VBS17610,126222,13245309,533260,28138261,488200,36073311,688771,46940601,552402,36815062,208266,13552438,237749,17696350,518265,35645702
VBS17612,129416,13244132,538624,28138222,546891,36075480,698486,46940608,558693,36815303,208849,13553072,235872,17694447,525523,35645547
VBS17613,126474,13245495,532222,28138206,578869,36071498,696040,46941111,554391,36818160,210138,13552702,235247,17697512,525157,35645061
VBS17614,127808,13243735,538861,28136308,636049,36071214,680344,46935867,549687,36813616,213277,13551708,241067,17695304,529505,35641129
VBS17615,127996,13244770,533077,28138866,581004,36071509,688509,46939201,551758,36819230,208128,13552549,233929,17696885,520450,35646918
VBS17616,131118,13240707,463971,28125819,507572,36063610,691675,46931746,565661,36804923,213204,13547808,242412,17691272,518422,35638311
VBS17617,127529,13242940,561085,28131111,529751,36065109,723359,46930425,577463,36807876,218611,13549070,251848,17690156,547534,35637794
VBS17618,129481,13244511,452781,28163867,505152,36090623,687547,46943228,551687,36816234,206638,13554544,235452,17697229,521759,35648094
VBS17619,123559,13243957,458009,28159760,630454,36073393,690193,46942109,540527,36819806,206894,13551595,236621,17695448,521147,35645802
VBS17620,123776,13246244,533592,28141134,637324,36075855,728510,46935755,543853,36821030,209920,13553371,243780,17697144,517058,35647892
VBS17623,122939,13243341,462791,28155561,587363,36061772,697427,46932165,558501,36810543,211955,13549136,243655,17691269,526417,35637842
VBS17624,123021,13245148,538927,28137309,583165,36070969,676146,46945316,543110,36821683,210194,13552205,239032,17696390,513488,35647358
VBS17625,123204,13246382,466914,28157376,631568,36068467,693683,46940698,551210,36817662,212263,13550962,235562,17694937,524892,35645195
VBS17626,130185,13242993,553061,28133162,592601,36062330,715705,46933346,569679,36810272,218934,13550310,243677,17690616,542728,35639704
VBS17627,124744,13246244,528013,28141153,545141,36076170,680611,46942687,548549,36820657,206073,13553259,237941,17695767,512440,35646663
VBS17628,124735,13244662,456418,28160772,483924,36076834,720001,46934496,548923,36820882,211346,13550611,230853,17698606,509654,35646340
VBS17629,124214,13246391,522466,28138579,631095,36074494,679775,46945439,548585,36820186,198930,13552616,239240,17696185,515537,35647680
VBS17630,119949,13247113,530062,28139448,486325,36074207,714341,46938383,557267,36815578,208638,13553365,236855,17694935,510217,35648219
VBS17631,214188,13203051,527299,28124325,569794,36054649,831109,46911133,659234,36779768,238894,13542075,266918,17684250,608348,35611715
VBS17632,227934,13195534,539724,28114990,596404,36045687,834965,46891955,670664,36771249,242114,13540101,275940,17681339,608847,35608110
VBS17633,224669,13197945,537963,28119769,602872,36062514,833986,46893410,669583,36777603,242244,13542411,276455,17683579,609569,35609673
VBS17634,239341,13195843,562242,28114410,683796,36042243,848401,46894787,709732,36767869,251591,13538974,297201,17678899,639458,35606806
VBS17635,213863,13203728,550928,28128773,555846,36058089,814765,46905336,642303,36785173,231383,13542405,261725,17685261,598879,35616446
VBS17636,216504,13202654,511646,28120493,556348,36057082,780614,46907953,645525,36778729,233138,13540243,263301,17685876,593672,35617418
VBS17637,214272,13205695,559569,28129649,556883,36055686,786036,46908692,649953,36782044,234841,13544853,260331,17686076,597443,35617054
VBS17638,216335,13202523,516959,28127702,561020,36057464,819294,46902592,647073,36786146,233300,13544179,265403,17685516,602958,35615099
VBS17641,214327,13201292,560678,28123835,584533,36067330,821479,46898283,654513,36778668,235483,13541662,267533,17685274,603403,35612671
VBS17642,30432,13223357,510293,28128991,547455,36057487,779173,46911953,641974,36782789,231123,13547164,259547,17682690,588691,35619384
VBS17643,256870,13196991,611830,28106710,685878,36039109,942729,46881102,771033,36764186,276525,13535218,318441,17675937,712107,35596013
VBS17645,217111,13201764,560691,28124764,665180,36051248,793793,46903441,645531,36781178,233722,13542616,273454,17683422,600009,35613391
VBS17646,218666,13200868,525516,28120072,565636,36053147,791871,46903350,655801,36776929,233272,13540597,264515,17684133,599990,35612383
VBS17647,245655,13197953,619642,28118930,703167,36040840,923967,46888097,729681,36768623,264071,13540169,305384,17678087,683055,35604829
VBS17648,215715,13202302,504278,28126641,617850,36056574,748959,46913857,644162,36784070,222925,13545860,265241,17685935,581918,35619951
VBS17649,216871,13203137,520324,28123319,563984,36056991,823175,46897509,654467,36781422,232559,13542621,265741,17686520,605153,35611575
VBS17650,217270,13202942,517480,28119347,567093,36054438,805904,46902500,652897,36778487,235332,13541319,268190,17682966,588939,35616589
VBS17651,215969,13202690,515149,28126544,627179,36057544,824663,46913633,647536,36782792,234260,13545299,269251,17686532,605684,35614739
VBS17652,210863,13206318,517235,28125194,557069,36057858,817767,46902313,646097,36784658,235232,13544030,261815,17685816,601895,35614913
VBS17653,215457,13203907,512548,28127354,618842,36059280,779886,46910636,648975,36785314,230901,13545742,263862,17688074,592506,35618682
VBS17654,214927,13202334,511887,28128929,623586,36056298,788038,46912940,644381,36785207,229155,13546714,268506,17685889,596703,35619810
VBS17657,227965,13197834,543061,28115751,657754,36041630,839039,46890937,684789,36768154,244984,13539314,282563,17679854,636833,35604291
VBS17658,217303,13201921,512821,28124734,562305,36058065,777469,46910753,645130,36783316,232940,13544037,265819,17685174,587662,35619703
VBS17659,248105,13195875,582227,28114440,703917,36038072,900171,46888462,736559,36767281,264726,13538928,306631,17677997,682005,35601195
VBS17660,214093,13202897,556220,28131312,558058,36055708,809120,46905731,644876,36782109,235197,13545340,261176,17683628,593210,35618229
VBS17661,219341,13200773,566011,28120517,636139,36046941,795979,46896227,658499,36778979,238578,13540643,274008,17683129,603438,35606710
VBS17663,225260,13203203,536224,28124686,597358,36053023,850448,46898997,683249,36777417,245776,13543184,282274,17682955,624704,35614281
VBS17664,230359,13195176,588336,28118178,605371,36046547,845635,46891716,688642,36768100,249542,13539180,283911,17680372,640508,35604610
VBS17665,223878,13197863,572654,28118779,596551,36059037,792208,46900123,667091,36772398,242538,13539749,272167,17682604,597606,35611038
VBS17666,215356,13203195,514145,28122031,620521,36051679,800090,46905107,644466,36785030,234493,13542934,263640,17684201,585237,35618315
VBS17668,221931,13200279,569998,28119379,638767,36048224,805156,46899027,661439,36775389,239717,13539691,273953,17683105,609538,35609165
VBS17669,228312,13197732,538133,28115351,585167,36043996,823876,46888678,672697,36771309,243244,13538841,274429,17680298,627692,35601687
VBS17672,251654,13194770,592580,28113125,714028,36036346,935426,46887550,744062,36766759,268335,13538110,312112,17677050,690371,35604365
VBS17673,227327,13197694,534183,28113065,606753,36055536,815384,46896404,674013,36770096,241040,13537967,276461,17680627,617875,35609330
VBS17674,223092,13197973,530048,28118104,680932,36049243,803996,46898650,669024,36775170,237337,13540311,279808,17682034,607454,35609682
VBS17676,29062,13224096,512501,28125669,553124,36062857,814465,46908080,645492,36786841,232625,13544356,257231,17687391,599009,35618939
VBS17677,215661,13202877,525119,28121845,634623,36064958,785495,46903182,660882,36776198,236163,13541906,277760,17683317,592621,35611761
VBS17678,221232,13201992,538703,28131738,644387,36047632,785746,46900356,667875,36775938,240265,13541295,278249,17682228,604843,35612097
VBS17679,227394,13198352,555308,28126551,654751,36051577,822079,46885010,688155,36766105,247017,13538314,288026,17677412,636614,35598671
VBS17680,210024,13209387,518710,28146838,575963,36088462,775319,46916291,640154,36790469,231634,13547520,264264,17688426,600518,35621799
VBS17681,210100,13209771,519196,28144023,577262,36090622,800189,46915820,641679,36790571,230931,13546730,264095,17688141,585392,35626289
VBS17683,209971,13208208,523664,28144724,619018,36074733,770377,46916250,641701,36791242,232710,13546066,263696,17687518,596253,35623310
VBS17684,211295,13208029,522850,28143151,575371,36087365,811020,46920459,644694,36789411,234294,13545497,263151,17686842,592963,35619505
VBS17685,210623,13208166,520420,28145530,575852,36088035,763214,46916569,645018,36787838,231350,13547771,262766,17687354,589508,35622297
VBS17686,215099,13208250,517664,28145470,577794,36092437,738308,46921539,645097,36789053,230682,13547646,264185,17689563,564386,35627473
VBS17687,209542,13208700,553243,28132021,569819,36090161,772839,46915570,641900,36787705,231542,13545685,262945,17687213,600459,35622058
VBS17689,213694,13204963,520900,28146648,577236,36090142,764624,46916260,641095,36790732,232061,13546377,263780,17689946,588798,35622871
VBS17690,210911,13207753,519308,28143559,573274,36091231,808139,46912005,642253,36788577,232023,13545541,260649,17690642,592641,35623625
VBS17691,214549,13207926,554985,28131832,566444,36087516,824524,46922301,641142,36790013,234771,13545072,264393,17687287,596965,35623707
VBS17692,207047,13207913,519555,28145762,578689,36091876,824317,46923219,643456,36790979,231947,13546166,267407,17688723,597679,35623736
VBS17693,213090,13206028,518725,28144479,655690,36061228,755784,46917964,644852,36788785,232307,13545867,268026,17687641,583345,35624575
VBS17694,214143,13208770,552723,28135103,655005,36061606,811051,46914515,635000,36788710,232757,13546797,266193,17688218,595459,35624923
VBS17695,212093,13205461,518865,28144862,574862,36089402,767576,46916518,643080,36789049,231900,13545982,263777,17688257,595563,35622365
VBS17696,215575,13208655,553044,28130701,576674,36089443,814684,46906846,645222,36788002,230642,13546655,263449,17689197,598572,35618690
VBS17697,213741,13206218,554186,28130629,576971,36090602,822546,46920422,638342,36788347,233360,13545545,265334,17689154,595150,35621314
VBS17698,214536,13206654,554068,28130160,614699,36072328,805813,46906137,643049,36788128,233456,13544204,265907,17687389,590091,35617723
VBS17699,210723,13205692,520126,28143593,618085,36079812,800359,46911395,643800,36787946,233749,13545923,265952,17690189,584935,35623934
VBS17700,214665,13206833,523828,28139317,580557,36090796,776709,46914603,644872,36787758,234410,13540952,268186,17688782,598159,35620679
VBS17701,214665,13203862,561538,28123967,582494,36081638,760821,46905900,650882,36780293,235712,13542217,266420,17685004,584642,35614695
VBS17702,214421,13207024,513486,28128445,576480,36089195,794232,46910314,645324,36786185,231935,13545177,265384,17687491,580930,35621084
VBS17703,218832,13202734,532982,28136236,596046,36081626,759941,46908038,658627,36780249,237153,13543858,274662,17686319,581563,35617473
VBS17704,215743,13202644,523661,28139410,618935,36070106,769364,46913479,651794,36782668,232989,13543523,269945,17685628,595879,35620952
VBS17705,213697,13205409,518223,28143268,578673,36086139,758387,46915850,643352,36788408,232595,13546052,263279,17687531,586407,35622428
VBS17706,211582,13206154,519160,28122721,581746,36085043,823614,46917246,643715,36782890,233164,13544185,267759,17687172,595866,35619228
VBS17707,212286,13205895,554816,28130319,575109,36089523,801265,46906995,644922,36786956,232516,13546448,262079,17688890,587149,35620590
VBS17709,211914,13209067,516391,28143478,572085,36089215,743274,46916287,639720,36787109,230505,13543529,263854,17688854,570940,35622501
VBS17710,209475,13206885,519818,28141715,576405,36088168,754501,46915794,643625,36789666,233118,13546059,264157,17687655,579893,35622312
VBS17711,212227,13205421,523155,28141565,580288,36084411,769737,46913113,648303,36787093,233062,13544690,266746,17687725,597645,35619164
VBS17714,239473,13197160,603030,28117384,713648,36043671,875392,46886332,705467,36771590,255186,13539089,293892,17679442,642605,35602633
VBS17715,210411,13208406,558536,28130974,613487,36076267,773988,46918117,636115,36789027,236999,13543989,268886,17687598,593735,35625413
VBS17716,212851,13205062,555438,28128557,574906,36087339,808738,46908884,617666,36788689,233484,13543538,263556,17686481,593804,35620987
VBS17717,212466,13206251,515886,28145389,616395,36075392,809856,46910261,641593,36788370,230761,13547587,268789,17688741,595316,35621016
VBS17718,212219,13208711,518361,28145481,575220,36086730,810712,46923782,644090,36789106,230531,13547940,261705,17687679,584100,35625039
VBS17719,208778,13208216,517078,28142922,657292,36061737,754953,46915562,639725,36790619,229191,13545314,268771,17687461,582533,35621917
VBS17720,211956,13206401,523527,28142749,573198,36086847,769269,46913031,642784,36789295,234992,13545950,263233,17687088,594284,35620432
VBS17721,213341,13206954,517615,28145149,571661,36090559,760652,46915544,638802,36790558,229577,13547137,262409,17688834,587377,35621997
VBS17722,212227,13207951,554263,28132166,579704,36089043,793505,46924233,641118,36785455,232200,13547123,264791,17689151,566421,35624541
VBS17723,216285,13204382,559005,28124278,584913,36081721,809466,46910846,651363,36779793,235369,13542714,268764,17684857,579873,35614985
VBS17724,216481,13204180,520319,28141031,585456,36081160,821685,46913023,647322,36784099,231762,13544765,268590,17684962,602563,35614626
VBS17725,213298,13204977,549408,28128332,577604,36085861,764078,46916857,643994,36789242,231901,13545787,265478,17686127,592362,35623499
VBS17726,211161,13207486,519517,28144454,656507,36063833,805712,46913860,643344,36793869,232351,13547407,267335,17688857,592025,35623159
VBS24095,147727,13242489,498114,28156072,591929,36070571,785287,46927540,651510,36793223,239460,13546104,272530,17689918,583955,35636414
VBS24096,133757,13243524,525634,28112969,565625,36049173,752565,46918690,630321,36789499,237719,13543704,263778,17688230,565621,35627899
VBS24097,157218,13242172,644894,28120715,714617,36048861,827204,46920162,684402,36792209,256350,13546024,291488,17687790,619428,35630437
VBS24098,160011,13241009,567529,28108319,611884,36054484,818226,46918551,675155,36795396,247207,13545074,285512,17690918,605578,35629049
VBS24101,164933,13242425,567877,28109174,625903,36054361,843743,46923652,696711,36796903,256474,13546822,291639,17690098,634719,35632696
VBS24104,156229,13241140,529084,28116353,596271,36076935,793461,46926468,668603,36794523,233436,13548541,276729,17693013,589398,35634309
VBS24105,113692,13245948,551245,28124369,503196,36060780,665503,46935189,566703,36803079,209571,13545638,233569,17692183,497069,35642842
VBS24117,109751,13249282,437916,28165496,586264,36061783,648195,46947634,550022,36807330,206476,13551802,226501,17696040,489426,35651288
VBS24118,136633,13243223,480915,28154427,543465,36055654,749897,46924688,627183,36791785,225236,13545516,255615,17690367,560926,35634999
VBS24119,109034,13249653,425387,28164912,488057,36069641,641394,46941198,549515,36807097,198253,13552032,230397,17696352,481499,35646255
VBS24120,115293,13245987,538791,28134981,496529,36070181,649536,46949283,551128,36805569,202796,13552521,224686,17699486,484032,35652726
VBS24121,111201,13249791,429378,28163080,581734,36065830,650110,46942754,547589,36808024,204778,13549469,224993,17696051,485847,35646705
VBS24122,105363,13250326,547282,28126720,489910,36069050,653745,46939972,555592,36806579,207947,13549195,228086,17696534,490626,35643492
VBS24123,108336,13248562,544830,28130937,534605,36094108,673893,46938463,558487,36803382,207314,13549408,229063,17698956,501264,35643183
VBS24124,115464,13246928,430772,28163423,522536,36062872,666969,46942224,555140,36806868,197868,13551665,236924,17693231,500334,35646041
VBS24125,112456,13247292,418885,28166812,482720,36090061,655044,46945694,539333,36806119,199750,13553293,220730,17698346,487196,35650035
VBS24126,107766,13250308,453444,28120285,490080,36068036,646244,46943043,546593,36806841,201458,13552100,228188,17694851,484150,35647738
VBS24127,111523,13248259,533936,28133701,496379,36062898,658438,46945235,547639,36802812,199499,13551220,230765,17694113,490674,35651438
VBS24128,114465,13246759,427669,28162116,504342,36079478,652092,46933198,549775,36805644,202663,13549178,235909,17690883,486828,35639934
VBS24129,109700,13249333,448003,28119060,539219,36089060,654693,46942361,552393,36806954,199169,13550438,227360,17695125,486149,35647249
VBS24130,112143,13247691,435086,28160214,580700,36061887,659174,46944082,556701,36804946,209849,13550479,221368,17695650,490153,35648944
VBS24132,110325,13248941,432407,28163329,490394,36064000,651011,46944142,555996,36809382,200212,13550693,229475,17695011,478854,35649140
VBS24135,111797,13248797,534921,28131933,492915,36068806,661653,46945457,557918,36805463,201623,13550523,231113,17696152,494046,35648927
VBS24137,115185,13246664,442943,28160549,519218,36063112,672011,46936877,581171,36799917,204598,13552152,234927,17692572,498311,35641946
VBS24138,115837,13249144,547254,28126466,581479,36064293,648894,46949124,545648,36808354,203097,13549692,226903,17697133,485839,35652090
VBS24141,102903,13249841,533595,28136970,437409,36075141,660995,46942371,549713,36811301,200435,13552420,228508,17695847,494893,35646424
VBS24142,111788,13247079,425529,28166178,498372,36065680,653815,46944927,552045,36804614,202217,13552615,226696,17694566,489232,35650257
VBS24143,111728,13249361,445493,28118149,626756,36070277,648606,46945208,555110,36806797,199230,13549106,228133,17696586,481767,35648518
VBS24144,113831,13247202,551820,28128870,569305,36088044,654975,46944125,567068,36797866,209065,13550676,236711,17696061,486979,35649394
VBS24145,114737,13248277,541095,28130931,543001,36090808,647843,46951664,558155,36810792,202150,13550748,231153,17694751,483322,35654214
VBS24147,109903,13248541,548908,28131177,490342,36065587,661983,46938181,554426,36808832,207142,13550753,232907,17695305,493078,35643274
VBS24148,113551,13247470,429678,28163839,539709,36093189,662758,46940152,548765,36808257,205608,13550120,230680,17696732,496812,35646122
VBS24149,21177,13257350,440046,28160682,589806,36057766,655795,46941676,561667,36804067,208620,13550531,233092,17695512,492788,35645885
VBS24150,9150,13263489,541042,28131875,499540,36084421,649213,46945991,555713,36804857,205866,13550086,226741,17696022,483628,35648670
VBS24152,107304,13249583,542412,28129811,588253,36061792,656401,46946675,551271,36806894,204088,13549330,227014,17696945,487209,35651951
VBS24153,30798,13253002,554793,28125863,500609,36062343,675477,46937588,574183,36800227,208993,13548322,232540,17693274,506435,35645050
VBS24154,19267,13257993,547361,28129802,496221,36065222,648493,46946584,560945,36805520,205826,13550112,228286,17693849,483371,35651186
VBS24155,108075,13248507,415962,28167240,634841,36069247,649825,46948297,552978,36811038,199516,13552545,230382,17696821,487404,35650488
VBS24156,20638,13254988,541794,28135818,588587,36059120,662438,46944302,551158,36805640,206737,13552637,228251,17693055,492045,35649638
VBS24157,112753,13249743,424848,28166392,636316,36070716,654087,46948323,553722,36808942,200130,13552492,235571,17696572,486024,35652489
VBS24159,20560,13258561,554757,28128596,508109,36062686,662398,46939918,566452,36805170,212252,13547716,232667,17696147,498784,35644420
VBS24160,110993,13248326,425760,28167226,626852,36072465,650418,46941284,553631,36807773,195691,13552919,223723,17697258,486403,35645795
VBS24161,10449,13263402,545053,28131355,628341,36070364,653031,46947041,556230,36810115,206513,13549824,225356,17697820,485340,35652675
VBS24162,17916,13260963,548296,28126319,486748,36066112,657622,46942059,560469,36803359,203058,13550209,225349,17693252,493212,35646006
VBS24163,23217,13261247,555654,28126936,537574,36091617,664503,46939931,551222,36808766,203741,13549836,226810,17696304,496596,35646278
VBS24164,111768,13250461,475629,28119555,485970,36070164,652073,46939550,551498,36810528,202050,13552129,223464,17696056,488260,35646344
VBS24165,9208,13263830,538338,28129958,500095,36065359,639656,46949546,552908,36808176,201719,13547710,231508,17696151,474472,35654770
VBS24166,11849,13260325,531050,28135892,585412,36061772,651720,46940642,553686,36801918,198385,13553118,230453,17695484,483179,35645670
VBS24167,111637,13248643,546720,28129270,486735,36069265,667589,46938316,562022,36804386,205395,13550631,225766,17695653,493789,35644216
VBS24168,109148,13247999,541612,28132669,501756,36083005,653772,46949544,549640,36807052,205914,13550767,233310,17696273,489074,35655174
VBS24169,13187,13259184,427178,28165510,635110,36069959,662522,46942105,556478,36806195,204033,13550523,235209,17695988,491049,35648842
VBS24170,11639,13264489,432856,28163883,578642,36063516,661101,46946652,548083,36806470,197928,13553266,230902,17695458,497553,35651804
VBS24171,109232,13248976,422720,28165591,493209,36063766,635282,46947948,555085,36809134,202991,13552288,227988,17693739,475774,35652182
VBS24172,16569,13260983,416134,28165777,578679,36061682,658557,46940808,550228,36806774,198111,13552421,222535,17694890,494313,35647844
VBS24173,9666,13263065,428917,28164486,575480,36064976,654050,46944791,554486,36808906,201975,13548796,221951,17696594,487703,35649645
VBS24174,110363,13248832,420729,28165117,578990,36065881,671685,46940891,555580,36804863,198815,13552483,225368,17696556,506199,35645059
VBS24175,106268,13249780,423691,28164745,541056,36068516,661365,46943590,556082,36809327,201520,13550363,230919,17693997,498119,35646975
VBS24176,113324,13248196,427317,28163176,485506,36067413,667825,46945975,554416,36806449,199086,13550229,222293,17696096,499024,35649606
VBS24177,108886,13248703,548882,28127788,486644,36068475,654730,46941380,546062,36807305,203359,13550032,225785,17695734,488633,35644519
VBS24178,14805,13260325,551386,28129434,484198,36069737,647616,46944516,560050,36806297,208344,13549224,226529,17696408,479007,35648017
VBS24179,18470,13257826,546914,28129390,509580,36057634,661681,46940619,567819,36805190,206242,13554103,232447,17694912,487621,35647423
VBS24180,14899,13259520,541426,28130623,483011,36067795,639463,46942054,552907,36809387,196839,13553583,221096,17696469,476286,35645607
VBS24181,107485,13249779,547831,28128687,498596,36064770,659575,46946394,560007,36807442,202354,13550799,226419,17695285,493957,35650103
VBS24182,112278,13250227,543476,28133156,484098,36071002,658997,46947113,553911,36808775,204313,13552131,226555,17697433,495553,35650074
VBS24183,19962,13248542,552306,28126312,590540,36059139,643360,46940012,563589,36804180,206876,13549820,228624,17694358,481111,35645149
VBS24184,107405,13249889,543195,28132990,491997,36087145,669349,46944611,558751,36810180,203588,13552757,225701,17696773,501575,35651026
VBS24185,109340,13248990,544348,28129453,491349,36063797,656606,46941840,556009,36808099,202596,13550730,224716,17692835,491050,35647522
VBS24186,110475,13246867,433197,28165149,491640,36065382,657461,46946607,554462,36805920,205381,13551923,219520,17695504,490010,35650436
VBS24187,108808,13248200,462495,28114999,487965,36066390,651127,46945295,558670,36801750,203046,13551170,227425,17695132,482045,35650262
VBS24188,108338,13249078,438036,28126792,495696,36066236,647487,46944879,549842,36810682,197496,13552025,230975,17694898,485761,35648891
VBS24189,110796,13249077,419732,28169443,587554,36061187,707202,46936146,554723,36806935,197255,13553935,225908,17695766,497543,35645915
VBS24190,114027,13247499,436584,28160995,575893,36062132,654095,46942421,552504,36807693,204829,13551445,222515,17695837,489631,35646753
VBS24191,111964,13249824,537233,28132649,584130,36061495,658194,46945628,561783,36807415,200220,13552365,222744,17697147,493245,35649499
VBS24192,112813,13248607,455917,28112100,584149,36062621,653877,46940167,550673,36805293,199606,13549587,224897,17693791,487821,35645298
VBS24193,110628,13250113,452697,28128773,489464,36066960,657244,46942429,555917,36805607,202196,13553034,218168,17697871,496166,35647350
VBS24194,107634,13249582,541592,28134392,539167,36094652,658232,46948421,560891,36806464,204812,13552361,228320,17697074,491949,35651547
VBS23999,123225,13248510,526405,28142016,550041,36100217,690101,46945925,550863,36824193,205878,13554354,234042,17699449,520240,35647626
VBS24001,123999,13247223,530875,28142393,633112,36075154,722480,46935540,550505,36819837,207253,13554654,237870,17696761,515687,35646220
VBS24004,120673,13248389,434374,28138703,554841,36097987,721129,46943103,551262,36821384,200908,13553309,233793,17696597,514298,35651228
VBS24005,122609,13248096,446657,28161134,475046,36120662,681724,46946663,544252,36823452,202810,13554007,234771,17698637,509122,35651806
VBS24007,123453,13247528,451688,28134476,485729,36077192,688801,46943876,553027,36818309,204858,13553113,238935,17696549,517066,35647839
VBS24012,187831,13242280,660650,28137330,642821,36116012,909980,46938219,717097,36810200,271314,13550923,314616,17697513,687233,35643828
VBS24015,155307,13242322,606690,28133406,718930,36068106,844720,46918683,644406,36808731,244306,13551297,279044,17693288,606409,35633538
VBS24020,181862,13240529,644783,28136321,721909,36067374,884707,46935598,708000,36812754,262648,13550124,304605,17695672,663261,35641681
VBS24027,123392,13246957,533706,28137588,571602,36071767,683176,46944060,548530,36817913,208264,13552300,231574,17696920,514153,35648914
VBS24032,120039,13248076,448308,28165717,632794,36075757,719576,46940617,546159,36818955,203171,13555672,238645,17697103,512382,35650001
VBS24386,213323,13204017,519023,28141593,627156,36074852,802008,46921542,644822,36785907,230582,13544969,270275,17688091,582658,35620334
VBS24389,213806,13203351,521962,28144872,660044,36060836,791174,46914619,641785,36786107,231981,13546243,271344,17687033,576329,35624983
VBS24390,210713,13205935,522785,28141208,583063,36089914,822032,46918877,643721,36786263,232783,13545676,266457,17688543,595383,35618903
VBS24391,211485,13205787,552219,28131493,656876,36061215,831240,46896043,643645,36789575,231337,13546025,268655,17687369,616271,35612912
VBS24393,211582,13204164,554976,28131242,659172,36060843,813528,46909622,643255,36784545,233598,13545101,271252,17685869,597871,35621144
VBS24395,215001,13204467,522672,28143895,627829,36073758,705400,46945020,644745,36785051,233894,13545973,270508,17685043,594306,35620164
VBS24396,212166,13204084,556950,28130479,625316,36074025,752484,46913726,645914,36785839,234370,13545622,269448,17687027,590565,35620241
VBS24397,211831,13205416,520688,28142714,624653,36074211,794583,46909978,647222,36786751,232236,13544493,267635,17685601,578947,35623159
VBS24398,215247,13206224,517648,28142234,586426,36088480,819589,46918193,642109,36786111,230411,13544020,269399,17688503,592920,35620124
VBS24399,209277,13205645,522238,28144238,660470,36058194,808290,46911435,646624,36785146,232444,13546003,271485,17685171,594079,35622438
VBS24400,210382,13205913,521731,28145563,624889,36073620,820836,46920760,644883,36787248,232407,13546928,268491,17687444,595081,35622041
VBS24401,207322,13204573,520224,28143209,584954,36086968,811953,46908658,646417,36785215,230678,13545649,268253,17687738,596184,35621087
VBS24402,211158,13206019,520122,28144365,604895,36059900,761711,46914124,643301,36787618,233489,13546535,268840,17684410,592962,35621677
VBS24403,214878,13205716,521539,28140003,625549,36075902,793307,46924915,643734,36790008,233493,13543753,270341,17687853,572916,35623714
VBS24404,206952,13204205,552877,28132423,659686,36059611,766028,46912026,641398,36788899,232748,13546397,271369,17684083,589875,35619965
VBS24406,211415,13204942,522497,28140733,582705,36086698,801534,46909155,644279,36785512,232591,13542667,266153,17687512,587672,35620338
VBS24407,215488,13205682,553253,28131793,625553,36072072,787612,46913316,644402,36788034,232949,13547634,269030,17686812,600292,35619483
VBS24408,212210,13205123,518845,28140424,586237,36087464,813796,46909569,646777,36786205,230340,13544038,268971,17689093,598809,35621047
VBS24409,216193,13205043,557810,28132103,550992,36079304,767551,46917882,645399,36787197,235475,13545467,251117,17688323,588154,35623859
VBS24410,213826,13204534,520060,28142793,586494,36085208,833030,46912164,641767,36786442,232002,13545160,266360,17686169,599888,35617676
VBS24411,212651,13206175,521140,28139761,585083,36087398,822305,46901727,643208,36784365,232780,13543582,266289,17688333,617779,35614026
VBS24412,215414,13204997,520029,28143728,660993,36060300,820732,46898795,642208,36788995,230851,13546146,272567,17687700,613179,35611680
VBS24413,213632,13203248,518421,28140731,601902,36062013,776060,46911090,646188,36786938,229814,13543350,267244,17688328,594406,35619282
VBS24414,213177,13205868,523043,28143971,587351,36089322,836765,46909668,645772,36785956,234251,13545843,269693,17688742,608650,35614588
VBS24416,208081,13206501,521472,28140911,579532,36086415,844729,46907120,644169,36785090,232643,13545541,263113,17688382,616491,35613461
VBS24417,212721,13203331,555829,28127175,587101,36086777,822666,46916345,644737,36786558,233054,13543124,270261,17688456,595306,35619029
VBS24418,213133,13202099,522664,28141315,588662,36086487,813443,46917909,646104,36785878,234057,13546086,269636,17686811,595535,35617524
VBS24419,216217,13203840,521154,28141946,626577,36075189,818786,46919084,645296,36788019,231816,13544651,270145,17687140,599791,35618683
VBS24420,211800,13206085,520592,28144762,564234,36074720,771241,46910621,643291,36786995,232415,13546972,263852,17686650,595380,35619531
VBS24421,212386,13204506,554312,28130108,600782,36061079,784821,46916576,647621,36788268,233355,13544902,264776,17686705,593089,35623715
VBS24423,207586,13206627,519016,28141431,659673,36059082,756933,46932079,645284,36789788,230945,13544006,271387,17686386,613756,35614826
VBS24424,212291,13205768,521384,28140431,627621,36074456,770076,46916050,642434,36786662,233796,13544145,271692,17686469,591570,35625064
VBS24425,210839,13205147,519816,28144804,625546,36075724,812834,46899267,645984,36790908,232156,13546660,268277,17688963,598034,35614372
VBS24426,211375,13204676,523486,28140850,585651,36084574,826224,46904695,641793,36787357,233345,13544852,269503,17686755,617557,35616204
VBS24427,211117,13202918,552508,28131606,625208,36072190,824443,46897366,642375,36789732,231679,13544585,269857,17687442,617227,35611453
VBS24428,214902,13204897,523520,28137045,584651,36084986,803670,46922395,643289,36784795,234482,13544590,268330,17687643,577632,35622923
VBS24429,215310,13205054,553208,28127526,586817,36086235,757505,46915153,644575,36783064,233103,13543993,268788,17687510,596854,35620344
VBS24430,211933,13207060,519318,28142852,586941,36092013,822993,46900832,643055,36790324,231495,13544360,269760,17690815,614849,35613458
VBS24431,212981,13208050,518502,28145383,623210,36074939,785350,46915026,643051,36787596,230533,13545433,267971,17687601,594189,35621961
VBS24432,214847,13204799,522389,28140774,626357,36073105,806622,46908658,644318,36785380,233471,13543751,269138,17685595,591580,35620303
VBS24433,209113,13205892,521858,28141768,625431,36073774,800758,46909772,642807,36785238,232065,13545212,269084,17686804,587802,35621314
VBS24434,205325,13206415,522175,28142986,584714,36088146,813645,46910669,644301,36787567,233604,13545068,267426,17688272,598967,35621621
VBS24435,213333,13203733,523262,28141488,582757,36090544,809456,46920562,645411,36787449,231964,13544571,266831,17688797,590174,35618799
VBS24488,121777,13246379,528584,28142255,483794,36116239,677477,46945673,543394,36819009,210058,13552871,235637,17699696,511790,35648328
VBS24489,130527,13239167,529385,28120244,557527,36074420,718724,46913270,562663,36793791,209435,13537831,238242,17684523,511587,35626568
VBS24492,121807,13246649,533663,28141024,542749,36078101,720101,46943996,540909,36824230,205637,13554557,237722,17695483,512844,35652970
VBS24493,124045,13246989,528814,28141194,546089,36097186,723594,46953979,554738,36818363,206110,13551669,233852,17697438,512457,35647996
VBS24494,122092,13247746,437594,28167613,551531,36095686,734224,46954135,550556,36818547,199982,13555895,238809,17697848,505543,35652255
VBS24497,120714,13247870,530112,28140888,628864,36072097,728240,46940884,550715,36818465,208875,13553309,234023,17695857,521094,35650743
VBS24498,120622,13245894,447064,28164884,555796,36097629,724590,46939401,553987,36816646,201584,13554928,238563,17697576,512072,35650416
VBS24499,118516,13248190,448009,28165304,474390,36123184,674393,46949235,540973,36819505,205471,13552829,230823,17699154,511526,35652622
VBS24502,126155,13245553,531452,28139447,628968,36073837,722226,46937358,545185,36819408,209564,13553510,235668,17696357,515091,35647549
VBS24505,118617,13248697,523273,28143104,626463,36079342,676723,46948902,549723,36818182,197858,13555846,233622,17700777,512169,35651085
VBS24506,120628,13248138,460117,28158607,641650,36069339,687808,46943295,550656,36817538,209189,13551446,245299,17694499,520824,35647437
VBS24507,121448,13247549,439576,28165486,554720,36095992,677736,46942263,543561,36819871,205127,13554638,239753,17696423,511527,35646355
VBS24509,122893,13248752,443189,28160717,472816,36078377,673909,46947756,545261,36820928,204830,13551540,233075,17696052,511666,35650167
VBS24510,127549,13245470,450498,28164519,495427,36093764,677147,46946482,545112,36819686,206810,13553575,233464,17698142,513601,35649348
VBS24512,121604,13247607,531741,28141246,477368,36077816,727680,46954563,550689,36821552,208730,13552380,227364,17697644,518170,35648812
VBS24513,118272,13246972,442557,28164079,631687,36076312,654408,46949681,547401,36822192,203824,13553480,239092,17696716,492740,35651740
VBS24514,123182,13247349,416302,28140379,626594,36071402,676884,46949501,545318,36820462,202497,13551927,234402,17695339,510382,35651581
VBS24515,124949,13246720,449532,28163570,635638,36072137,691112,46944709,550807,36818327,207591,13553328,242616,17694404,521942,35647310
VBS24516,122265,13247315,445610,28163860,567439,36075723,669440,46950545,552512,36820727,198865,13553231,233780,17697529,498583,35653450
VBS24517,123081,13246906,439338,28165392,558830,36097644,683346,46945028,552743,36821253,201248,13553563,239402,17697012,515365,35648191
VBS24518,121407,13248013,447274,28164726,572065,36072789,727204,46953258,545750,36819217,201791,13555165,235213,17694916,514335,35647935
VBS24519,121979,13247409,532094,28143092,549024,36099570,681653,46948557,539766,36820433,209131,13554595,234020,17698420,515567,35650857
VBS24520,126660,13247372,444578,28164792,624657,36076535,677937,46948184,544155,36820202,208134,13554088,231421,17698322,516337,35649233
VBS24521,120209,13247420,441025,28164919,539621,36099814,673737,46948443,549167,36820979,204420,13553711,229830,17699328,507852,35651530
VBS24522,120165,13248422,451854,28163409,476451,36120365,671844,46948842,537867,36823325,207119,13554254,235354,17698930,509641,35651352
VBS24523,125048,13247174,534946,28140620,567689,36074340,669811,46950413,552884,36818684,207870,13554424,232347,17698083,504236,35653369
VBS24524,126420,13245563,449337,28161534,485163,36069723,687772,46941152,546314,36820617,206485,13553190,233063,17693131,522177,35644411
VBS24525,122572,13247881,532005,28139613,489704,36099388,680801,46948039,546321,36821488,207500,13552129,232271,17699039,516084,35649824
VBS24527,122458,13246966,443969,28165516,463132,36124403,723726,46940348,551784,36818804,203146,13555048,228402,17700268,515915,35649974
VBS24528,121282,13246470,451165,28163031,570037,36074525,656972,46946910,550366,36819595,205274,13554447,235868,17696509,491209,35650667
VBS24529,122253,13247760,535167,28138950,567160,36074041,691647,46937826,544897,36823835,208142,13553817,232639,17697202,499654,35649544
VBS24530,121954,13247714,531276,28139793,629861,36076121,673833,46944190,538604,36819653,207582,13551413,235531,17697971,510028,35646605
VBS24531,123963,13247142,432162,28141089,482740,36078590,679343,46947644,553880,36817923,206613,13553278,235029,17697121,513063,35650996
VBS24532,119352,13248796,533741,28138975,470583,36120745,672717,46949644,539603,36818419,205569,13553170,229000,17700496,513174,35650725
VBS24533,123911,13247018,454008,28161818,639400,36071436,682546,46946526,548310,36816163,212623,13551277,244130,17693977,517853,35649836
VBS24534,125152,13247156,535205,28141211,539056,36081181,670076,46949773,541244,36822139,210628,13553174,239663,17698417,503302,35652723
VBS24535,122255,13247098,536826,28140932,538869,36080367,680664,46947529,546042,36821316,214058,13553313,234819,17698081,515679,35649160
VBS24536,122071,13247337,454476,28162361,576828,36071738,680229,46947458,543600,36819421,209173,13553039,238014,17695443,516487,35650336
VBS24537,120241,13247701,531735,28141730,634475,36073678,679783,46950525,548074,36820273,207177,13552448,238573,17696504,515754,35652323
VBS24539,123966,13246684,449846,28164701,632699,36077082,676338,46948781,547063,36819716,203345,13554403,239866,17698523,511618,35652317
